Country,AI_Analysis
Afghanistan,"Afghanistan is currently experiencing severe geopolitical instability with elevated escalation indicators.

The GeoRisk score of 0.97 suggests substantial investor exposure and high regional volatility.

Current intelligence signals indicate possible disruption risks in regional market stability.

Investors should avoid aggressive exposure and closely monitor real-time developments."
Iran,"Iran is currently experiencing severe geopolitical instability with elevated escalation indicators.

The GeoRisk score of 0.97 suggests substantial investor exposure and high regional volatility.

Current intelligence signals indicate possible disruption risks in oil exports and sanctions.

Investors should avoid aggressive exposure and closely monitor real-time developments."
Ukraine,"Ukraine is currently experiencing severe geopolitical instability with elevated escalation indicators.

The GeoRisk score of 0.94 suggests substantial investor exposure and high regional volatility.

Current intelligence signals indicate possible disruption risks in infrastructure and regional security.

Investors should avoid aggressive exposure and closely monitor real-time developments."
Syria,"Syria is currently experiencing severe geopolitical instability with elevated escalation indicators.

The GeoRisk score of 0.92 suggests substantial investor exposure and high regional volatility.

Current intelligence signals indicate possible disruption risks in civil conflict and reconstruction.

Investors should avoid aggressive exposure and closely monitor real-time developments."
Israel,"Israel is currently experiencing severe geopolitical instability with elevated escalation indicators.

The GeoRisk score of 0.85 suggests substantial investor exposure and high regional volatility.

Current intelligence signals indicate possible disruption risks in regional conflict escalation.

Investors should avoid aggressive exposure and closely monitor real-time developments."
India,"India is currently experiencing severe geopolitical instability with elevated escalation indicators.

The GeoRisk score of 0.80 suggests substantial investor exposure and high regional volatility.

Current intelligence signals indicate possible disruption risks in regional market stability.

Investors should avoid aggressive exposure and closely monitor real-time developments."
Pakistan,"Pakistan is currently experiencing severe geopolitical instability with elevated escalation indicators.

The GeoRisk score of 0.79 suggests substantial investor exposure and high regional volatility.

Current intelligence signals indicate possible disruption risks in political stability and debt exposure.

Investors should avoid aggressive exposure and closely monitor real-time developments."
Mexico,"Mexico currently demonstrates elevated geopolitical tension.

The GeoRisk score of 0.70 indicates increased uncertainty for investors.

Potential pressure may emerge in regional market stability.

Cautious monitoring is advised."
Myanmar (Burma),"Myanmar (Burma) currently demonstrates elevated geopolitical tension.

The GeoRisk score of 0.70 indicates increased uncertainty for investors.

Potential pressure may emerge in regional market stability.

Cautious monitoring is advised."
Nigeria,"Nigeria currently demonstrates elevated geopolitical tension.

The GeoRisk score of 0.70 indicates increased uncertainty for investors.

Potential pressure may emerge in regional market stability.

Cautious monitoring is advised."
Colombia,"Colombia currently demonstrates elevated geopolitical tension.

The GeoRisk score of 0.70 indicates increased uncertainty for investors.

Potential pressure may emerge in regional market stability.

Cautious monitoring is advised."
Sudan,"Sudan currently demonstrates elevated geopolitical tension.

The GeoRisk score of 0.70 indicates increased uncertainty for investors.

Potential pressure may emerge in regional market stability.

Cautious monitoring is advised."
Brazil,"Brazil currently demonstrates elevated geopolitical tension.

The GeoRisk score of 0.70 indicates increased uncertainty for investors.

Potential pressure may emerge in regional market stability.

Cautious monitoring is advised."
Cameroon,"Cameroon currently demonstrates elevated geopolitical tension.

The GeoRisk score of 0.70 indicates increased uncertainty for investors.

Potential pressure may emerge in regional market stability.

Cautious monitoring is advised."
Burkina Faso,"Burkina Faso currently demonstrates elevated geopolitical tension.

The GeoRisk score of 0.70 indicates increased uncertainty for investors.

Potential pressure may emerge in regional market stability.

Cautious monitoring is advised."
Niger,"Niger currently demonstrates elevated geopolitical tension.

The GeoRisk score of 0.70 indicates increased uncertainty for investors.

Potential pressure may emerge in regional market stability.

Cautious monitoring is advised."
Kenya,"Kenya currently demonstrates elevated geopolitical tension.

The GeoRisk score of 0.69 indicates increased uncertainty for investors.

Potential pressure may emerge in regional market stability.

Cautious monitoring is advised."
Ethiopia,"Ethiopia currently demonstrates elevated geopolitical tension.

The GeoRisk score of 0.69 indicates increased uncertainty for investors.

Potential pressure may emerge in regional market stability.

Cautious monitoring is advised."
Somalia,"Somalia currently demonstrates elevated geopolitical tension.

The GeoRisk score of 0.69 indicates increased uncertainty for investors.

Potential pressure may emerge in regional market stability.

Cautious monitoring is advised."
Yemen (North Yemen),"Yemen (North Yemen) currently demonstrates elevated geopolitical tension.

The GeoRisk score of 0.69 indicates increased uncertainty for investors.

Potential pressure may emerge in regional market stability.

Cautious monitoring is advised."
DR Congo (Zaire),"DR Congo (Zaire) currently demonstrates elevated geopolitical tension.

The GeoRisk score of 0.69 indicates increased uncertainty for investors.

Potential pressure may emerge in regional market stability.

Cautious monitoring is advised."
Central African Republic,"Central African Republic currently demonstrates elevated geopolitical tension.

The GeoRisk score of 0.69 indicates increased uncertainty for investors.

Potential pressure may emerge in regional market stability.

Cautious monitoring is advised."
Mali,"Mali currently demonstrates elevated geopolitical tension.

The GeoRisk score of 0.69 indicates increased uncertainty for investors.

Potential pressure may emerge in regional market stability.

Cautious monitoring is advised."
Mozambique,"Mozambique currently demonstrates elevated geopolitical tension.

The GeoRisk score of 0.69 indicates increased uncertainty for investors.

Potential pressure may emerge in regional market stability.

Cautious monitoring is advised."
Chad,"Chad currently demonstrates elevated geopolitical tension.

The GeoRisk score of 0.69 indicates increased uncertainty for investors.

Potential pressure may emerge in regional market stability.

Cautious monitoring is advised."
Iraq,"Iraq currently demonstrates elevated geopolitical tension.

The GeoRisk score of 0.69 indicates increased uncertainty for investors.

Potential pressure may emerge in regional market stability.

Cautious monitoring is advised."
South Sudan,"South Sudan currently demonstrates elevated geopolitical tension.

The GeoRisk score of 0.69 indicates increased uncertainty for investors.

Potential pressure may emerge in regional market stability.

Cautious monitoring is advised."
Philippines,"Philippines currently demonstrates elevated geopolitical tension.

The GeoRisk score of 0.68 indicates increased uncertainty for investors.

Potential pressure may emerge in regional market stability.

Cautious monitoring is advised."
Ecuador,"Ecuador currently demonstrates elevated geopolitical tension.

The GeoRisk score of 0.68 indicates increased uncertainty for investors.

Potential pressure may emerge in regional market stability.

Cautious monitoring is advised."
Turkey,"Turkey currently demonstrates elevated geopolitical tension.

The GeoRisk score of 0.68 indicates increased uncertainty for investors.

Potential pressure may emerge in regional market stability.

Cautious monitoring is advised."
Indonesia,"Indonesia currently demonstrates elevated geopolitical tension.

The GeoRisk score of 0.68 indicates increased uncertainty for investors.

Potential pressure may emerge in regional market stability.

Cautious monitoring is advised."
Russia (Soviet Union),"Russia (Soviet Union) currently demonstrates elevated geopolitical tension.

The GeoRisk score of 0.67 indicates increased uncertainty for investors.

Potential pressure may emerge in regional market stability.

Cautious monitoring is advised."
Haiti,"Haiti currently demonstrates elevated geopolitical tension.

The GeoRisk score of 0.67 indicates increased uncertainty for investors.

Potential pressure may emerge in regional market stability.

Cautious monitoring is advised."
Azerbaijan,"Azerbaijan currently demonstrates elevated geopolitical tension.

The GeoRisk score of 0.66 indicates increased uncertainty for investors.

Potential pressure may emerge in regional market stability.

Cautious monitoring is advised."
Togo,"Togo currently demonstrates elevated geopolitical tension.

The GeoRisk score of 0.60 indicates increased uncertainty for investors.

Potential pressure may emerge in regional market stability.

Cautious monitoring is advised."
Benin,"Benin currently demonstrates elevated geopolitical tension.

The GeoRisk score of 0.59 indicates increased uncertainty for investors.

Potential pressure may emerge in regional market stability.

Cautious monitoring is advised."
Lebanon,"Lebanon currently demonstrates elevated geopolitical tension.

The GeoRisk score of 0.58 indicates increased uncertainty for investors.

Potential pressure may emerge in regional market stability.

Cautious monitoring is advised."
Thailand,"Thailand currently demonstrates elevated geopolitical tension.

The GeoRisk score of 0.56 indicates increased uncertainty for investors.

Potential pressure may emerge in regional market stability.

Cautious monitoring is advised."
Burundi,"Burundi currently demonstrates elevated geopolitical tension.

The GeoRisk score of 0.56 indicates increased uncertainty for investors.

Potential pressure may emerge in regional market stability.

Cautious monitoring is advised."
Bangladesh,"Bangladesh currently shows moderate geopolitical volatility.

The GeoRisk score of 0.49 indicates manageable investor risk.

Some fluctuations may occur in regional market stability, though overall conditions remain relatively stable."
Honduras,"Honduras currently shows moderate geopolitical volatility.

The GeoRisk score of 0.44 indicates manageable investor risk.

Some fluctuations may occur in regional market stability, though overall conditions remain relatively stable."
Ghana,"Ghana currently shows moderate geopolitical volatility.

The GeoRisk score of 0.42 indicates manageable investor risk.

Some fluctuations may occur in regional market stability, though overall conditions remain relatively stable."
Kyrgyzstan,"Kyrgyzstan currently shows moderate geopolitical volatility.

The GeoRisk score of 0.40 indicates manageable investor risk.

Some fluctuations may occur in regional market stability, though overall conditions remain relatively stable."
Papua New Guinea,"Papua New Guinea currently shows moderate geopolitical volatility.

The GeoRisk score of 0.37 indicates manageable investor risk.

Some fluctuations may occur in regional market stability, though overall conditions remain relatively stable."
France,"France currently shows moderate geopolitical volatility.

The GeoRisk score of 0.37 indicates manageable investor risk.

Some fluctuations may occur in regional market stability, though overall conditions remain relatively stable."
Angola,"Angola currently shows moderate geopolitical volatility.

The GeoRisk score of 0.37 indicates manageable investor risk.

Some fluctuations may occur in regional market stability, though overall conditions remain relatively stable."
Venezuela,"Venezuela currently shows moderate geopolitical volatility.

The GeoRisk score of 0.34 indicates manageable investor risk.

Some fluctuations may occur in regional market stability, though overall conditions remain relatively stable."
Uganda,"Uganda currently shows moderate geopolitical volatility.

The GeoRisk score of 0.31 indicates manageable investor risk.

Some fluctuations may occur in regional market stability, though overall conditions remain relatively stable."
Saudi Arabia,"Saudi Arabia currently shows moderate geopolitical volatility.

The GeoRisk score of 0.28 indicates manageable investor risk.

Some fluctuations may occur in regional market stability, though overall conditions remain relatively stable."
Peru,"Peru currently shows moderate geopolitical volatility.

The GeoRisk score of 0.26 indicates manageable investor risk.

Some fluctuations may occur in regional market stability, though overall conditions remain relatively stable."
Egypt,"Egypt currently maintains stable geopolitical conditions.

The GeoRisk score of 0.25 reflects relatively low escalation risk.

Investor exposure appears manageable under current forecasting conditions."
China,"China currently maintains stable geopolitical conditions.

The GeoRisk score of 0.25 reflects relatively low escalation risk.

Investor exposure appears manageable under current forecasting conditions."
Guatemala,"Guatemala currently maintains stable geopolitical conditions.

The GeoRisk score of 0.22 reflects relatively low escalation risk.

Investor exposure appears manageable under current forecasting conditions."
Algeria,"Algeria currently maintains stable geopolitical conditions.

The GeoRisk score of 0.21 reflects relatively low escalation risk.

Investor exposure appears manageable under current forecasting conditions."
Morocco,"Morocco currently maintains stable geopolitical conditions.

The GeoRisk score of 0.19 reflects relatively low escalation risk.

Investor exposure appears manageable under current forecasting conditions."
Tunisia,"Tunisia currently maintains stable geopolitical conditions.

The GeoRisk score of 0.18 reflects relatively low escalation risk.

Investor exposure appears manageable under current forecasting conditions."
Poland,"Poland currently maintains stable geopolitical conditions.

The GeoRisk score of 0.17 reflects relatively low escalation risk.

Investor exposure appears manageable under current forecasting conditions."
Kingdom of eSwatini (Swaziland),"Kingdom of eSwatini (Swaziland) currently maintains stable geopolitical conditions.

The GeoRisk score of 0.16 reflects relatively low escalation risk.

Investor exposure appears manageable under current forecasting conditions."
Armenia,"Armenia currently maintains stable geopolitical conditions.

The GeoRisk score of 0.15 reflects relatively low escalation risk.

Investor exposure appears manageable under current forecasting conditions."
Nepal,"Nepal currently maintains stable geopolitical conditions.

The GeoRisk score of 0.14 reflects relatively low escalation risk.

Investor exposure appears manageable under current forecasting conditions."
United States of America,"United States of America currently maintains stable geopolitical conditions.

The GeoRisk score of 0.14 reflects relatively low escalation risk.

Investor exposure appears manageable under current forecasting conditions."
Madagascar (Malagasy),"Madagascar (Malagasy) currently maintains stable geopolitical conditions.

The GeoRisk score of 0.14 reflects relatively low escalation risk.

Investor exposure appears manageable under current forecasting conditions."
Georgia,"Georgia currently maintains stable geopolitical conditions.

The GeoRisk score of 0.14 reflects relatively low escalation risk.

Investor exposure appears manageable under current forecasting conditions."
Belgium,"Belgium currently maintains stable geopolitical conditions.

The GeoRisk score of 0.14 reflects relatively low escalation risk.

Investor exposure appears manageable under current forecasting conditions."
Spain,"Spain currently maintains stable geopolitical conditions.

The GeoRisk score of 0.14 reflects relatively low escalation risk.

Investor exposure appears manageable under current forecasting conditions."
Paraguay,"Paraguay currently maintains stable geopolitical conditions.

The GeoRisk score of 0.14 reflects relatively low escalation risk.

Investor exposure appears manageable under current forecasting conditions."
Ivory Coast,"Ivory Coast currently maintains stable geopolitical conditions.

The GeoRisk score of 0.13 reflects relatively low escalation risk.

Investor exposure appears manageable under current forecasting conditions."
Djibouti,"Djibouti currently maintains stable geopolitical conditions.

The GeoRisk score of 0.13 reflects relatively low escalation risk.

Investor exposure appears manageable under current forecasting conditions."
Austria,"Austria currently maintains stable geopolitical conditions.

The GeoRisk score of 0.13 reflects relatively low escalation risk.

Investor exposure appears manageable under current forecasting conditions."
Mauritania,"Mauritania currently maintains stable geopolitical conditions.

The GeoRisk score of 0.13 reflects relatively low escalation risk.

Investor exposure appears manageable under current forecasting conditions."
Libya,"Libya currently maintains stable geopolitical conditions.

The GeoRisk score of 0.11 reflects relatively low escalation risk.

Investor exposure appears manageable under current forecasting conditions."
Rwanda,"Rwanda currently maintains stable geopolitical conditions.

The GeoRisk score of 0.11 reflects relatively low escalation risk.

Investor exposure appears manageable under current forecasting conditions."
United Arab Emirates,"United Arab Emirates currently maintains stable geopolitical conditions.

The GeoRisk score of 0.11 reflects relatively low escalation risk.

Investor exposure appears manageable under current forecasting conditions."
Bolivia,"Bolivia currently maintains stable geopolitical conditions.

The GeoRisk score of 0.11 reflects relatively low escalation risk.

Investor exposure appears manageable under current forecasting conditions."
South Africa,"South Africa currently maintains stable geopolitical conditions.

The GeoRisk score of 0.10 reflects relatively low escalation risk.

Investor exposure appears manageable under current forecasting conditions."
Tajikistan,"Tajikistan currently maintains stable geopolitical conditions.

The GeoRisk score of 0.09 reflects relatively low escalation risk.

Investor exposure appears manageable under current forecasting conditions."
Liberia,"Liberia currently maintains stable geopolitical conditions.

The GeoRisk score of 0.08 reflects relatively low escalation risk.

Investor exposure appears manageable under current forecasting conditions."
Zimbabwe (Rhodesia),"Zimbabwe (Rhodesia) currently maintains stable geopolitical conditions.

The GeoRisk score of 0.08 reflects relatively low escalation risk.

Investor exposure appears manageable under current forecasting conditions."
Sierra Leone,"Sierra Leone currently maintains stable geopolitical conditions.

The GeoRisk score of 0.08 reflects relatively low escalation risk.

Investor exposure appears manageable under current forecasting conditions."
Tanzania,"Tanzania currently maintains stable geopolitical conditions.

The GeoRisk score of 0.07 reflects relatively low escalation risk.

Investor exposure appears manageable under current forecasting conditions."
Congo,"Congo currently maintains stable geopolitical conditions.

The GeoRisk score of 0.07 reflects relatively low escalation risk.

Investor exposure appears manageable under current forecasting conditions."
El Salvador,"El Salvador currently maintains stable geopolitical conditions.

The GeoRisk score of 0.07 reflects relatively low escalation risk.

Investor exposure appears manageable under current forecasting conditions."
Eritrea,"Eritrea currently maintains stable geopolitical conditions.

The GeoRisk score of 0.06 reflects relatively low escalation risk.

Investor exposure appears manageable under current forecasting conditions."
Albania,"Albania currently maintains stable geopolitical conditions.

The GeoRisk score of 0.05 reflects relatively low escalation risk.

Investor exposure appears manageable under current forecasting conditions."
Bahrain,"Bahrain currently maintains stable geopolitical conditions.

The GeoRisk score of 0.05 reflects relatively low escalation risk.

Investor exposure appears manageable under current forecasting conditions."
Australia,"Australia currently maintains stable geopolitical conditions.

The GeoRisk score of 0.05 reflects relatively low escalation risk.

Investor exposure appears manageable under current forecasting conditions."
Argentina,"Argentina currently maintains stable geopolitical conditions.

The GeoRisk score of 0.05 reflects relatively low escalation risk.

Investor exposure appears manageable under current forecasting conditions."
Bosnia-Herzegovina,"Bosnia-Herzegovina currently maintains stable geopolitical conditions.

The GeoRisk score of 0.05 reflects relatively low escalation risk.

Investor exposure appears manageable under current forecasting conditions."
Botswana,"Botswana currently maintains stable geopolitical conditions.

The GeoRisk score of 0.05 reflects relatively low escalation risk.

Investor exposure appears manageable under current forecasting conditions."
Cambodia (Kampuchea),"Cambodia (Kampuchea) currently maintains stable geopolitical conditions.

The GeoRisk score of 0.05 reflects relatively low escalation risk.

Investor exposure appears manageable under current forecasting conditions."
Canada,"Canada currently maintains stable geopolitical conditions.

The GeoRisk score of 0.05 reflects relatively low escalation risk.

Investor exposure appears manageable under current forecasting conditions."
Comoros,"Comoros currently maintains stable geopolitical conditions.

The GeoRisk score of 0.05 reflects relatively low escalation risk.

Investor exposure appears manageable under current forecasting conditions."
Romania,"Romania currently maintains stable geopolitical conditions.

The GeoRisk score of 0.05 reflects relatively low escalation risk.

Investor exposure appears manageable under current forecasting conditions."
Kuwait,"Kuwait currently maintains stable geopolitical conditions.

The GeoRisk score of 0.05 reflects relatively low escalation risk.

Investor exposure appears manageable under current forecasting conditions."
Italy,"Italy currently maintains stable geopolitical conditions.

The GeoRisk score of 0.05 reflects relatively low escalation risk.

Investor exposure appears manageable under current forecasting conditions."
Jordan,"Jordan currently maintains stable geopolitical conditions.

The GeoRisk score of 0.05 reflects relatively low escalation risk.

Investor exposure appears manageable under current forecasting conditions."
Guinea-Bissau,"Guinea-Bissau currently maintains stable geopolitical conditions.

The GeoRisk score of 0.05 reflects relatively low escalation risk.

Investor exposure appears manageable under current forecasting conditions."
Guyana,"Guyana currently maintains stable geopolitical conditions.

The GeoRisk score of 0.05 reflects relatively low escalation risk.

Investor exposure appears manageable under current forecasting conditions."
Germany,"Germany currently maintains stable geopolitical conditions.

The GeoRisk score of 0.05 reflects relatively low escalation risk.

Investor exposure appears manageable under current forecasting conditions."
Jamaica,"Jamaica currently maintains stable geopolitical conditions.

The GeoRisk score of 0.05 reflects relatively low escalation risk.

Investor exposure appears manageable under current forecasting conditions."
Croatia,"Croatia currently maintains stable geopolitical conditions.

The GeoRisk score of 0.05 reflects relatively low escalation risk.

Investor exposure appears manageable under current forecasting conditions."
Gambia,"Gambia currently maintains stable geopolitical conditions.

The GeoRisk score of 0.05 reflects relatively low escalation risk.

Investor exposure appears manageable under current forecasting conditions."
Bhutan,"Bhutan currently maintains stable geopolitical conditions.

The GeoRisk score of 0.05 reflects relatively low escalation risk.

Investor exposure appears manageable under current forecasting conditions."
Laos,"Laos currently maintains stable geopolitical conditions.

The GeoRisk score of 0.05 reflects relatively low escalation risk.

Investor exposure appears manageable under current forecasting conditions."
Malaysia,"Malaysia currently maintains stable geopolitical conditions.

The GeoRisk score of 0.05 reflects relatively low escalation risk.

Investor exposure appears manageable under current forecasting conditions."
Lesotho,"Lesotho currently maintains stable geopolitical conditions.

The GeoRisk score of 0.05 reflects relatively low escalation risk.

Investor exposure appears manageable under current forecasting conditions."
Malta,"Malta currently maintains stable geopolitical conditions.

The GeoRisk score of 0.05 reflects relatively low escalation risk.

Investor exposure appears manageable under current forecasting conditions."
Moldova,"Moldova currently maintains stable geopolitical conditions.

The GeoRisk score of 0.05 reflects relatively low escalation risk.

Investor exposure appears manageable under current forecasting conditions."
Sweden,"Sweden currently maintains stable geopolitical conditions.

The GeoRisk score of 0.05 reflects relatively low escalation risk.

Investor exposure appears manageable under current forecasting conditions."
Qatar,"Qatar currently maintains stable geopolitical conditions.

The GeoRisk score of 0.05 reflects relatively low escalation risk.

Investor exposure appears manageable under current forecasting conditions."
Panama,"Panama currently maintains stable geopolitical conditions.

The GeoRisk score of 0.05 reflects relatively low escalation risk.

Investor exposure appears manageable under current forecasting conditions."
North Macedonia,"North Macedonia currently maintains stable geopolitical conditions.

The GeoRisk score of 0.05 reflects relatively low escalation risk.

Investor exposure appears manageable under current forecasting conditions."
Nicaragua,"Nicaragua currently maintains stable geopolitical conditions.

The GeoRisk score of 0.05 reflects relatively low escalation risk.

Investor exposure appears manageable under current forecasting conditions."
Netherlands,"Netherlands currently maintains stable geopolitical conditions.

The GeoRisk score of 0.05 reflects relatively low escalation risk.

Investor exposure appears manageable under current forecasting conditions."
Namibia,"Namibia currently maintains stable geopolitical conditions.

The GeoRisk score of 0.05 reflects relatively low escalation risk.

Investor exposure appears manageable under current forecasting conditions."
Senegal,"Senegal currently maintains stable geopolitical conditions.

The GeoRisk score of 0.05 reflects relatively low escalation risk.

Investor exposure appears manageable under current forecasting conditions."
Trinidad and Tobago,"Trinidad and Tobago currently maintains stable geopolitical conditions.

The GeoRisk score of 0.05 reflects relatively low escalation risk.

Investor exposure appears manageable under current forecasting conditions."
Sri Lanka,"Sri Lanka currently maintains stable geopolitical conditions.

The GeoRisk score of 0.05 reflects relatively low escalation risk.

Investor exposure appears manageable under current forecasting conditions."
Serbia (Yugoslavia),"Serbia (Yugoslavia) currently maintains stable geopolitical conditions.

The GeoRisk score of 0.05 reflects relatively low escalation risk.

Investor exposure appears manageable under current forecasting conditions."
Solomon Islands,"Solomon Islands currently maintains stable geopolitical conditions.

The GeoRisk score of 0.05 reflects relatively low escalation risk.

Investor exposure appears manageable under current forecasting conditions."
Uzbekistan,"Uzbekistan currently maintains stable geopolitical conditions.

The GeoRisk score of 0.05 reflects relatively low escalation risk.

Investor exposure appears manageable under current forecasting conditions."
United Kingdom,"United Kingdom currently maintains stable geopolitical conditions.

The GeoRisk score of 0.05 reflects relatively low escalation risk.

Investor exposure appears manageable under current forecasting conditions."
Zambia,"Zambia currently maintains stable geopolitical conditions.

The GeoRisk score of 0.05 reflects relatively low escalation risk.

Investor exposure appears manageable under current forecasting conditions."
Guinea,"Guinea currently maintains stable geopolitical conditions.

The GeoRisk score of 0.03 reflects relatively low escalation risk.

Investor exposure appears manageable under current forecasting conditions."
