Country,Year,total_deaths,conflict_events,Conflict
Afghanistan,1989,5411,145,1
Afghanistan,1990,1514,45,1
Afghanistan,1991,3553,64,1
Afghanistan,1992,4385,76,1
Afghanistan,1993,4105,115,1
Afghanistan,1994,9056,244,1
Afghanistan,1995,5618,219,1
Afghanistan,1996,3595,234,1
Afghanistan,1997,6721,199,1
Afghanistan,1998,12174,217,1
Afghanistan,1999,5065,189,1
Afghanistan,2000,5394,207,1
Afghanistan,2001,5553,263,1
Afghanistan,2002,1157,94,1
Afghanistan,2003,944,186,1
Afghanistan,2004,817,241,1
Afghanistan,2005,1711,430,1
Afghanistan,2006,4982,848,1
Afghanistan,2007,7037,1044,1
Afghanistan,2008,5661,1115,1
Afghanistan,2009,6499,1514,1
Afghanistan,2010,7151,1806,1
Afghanistan,2011,7563,2197,1
Afghanistan,2012,7783,2301,1
Afghanistan,2013,8131,1926,1
Afghanistan,2014,12549,2119,1
Afghanistan,2015,18018,2266,1
Afghanistan,2016,19025,2428,1
Afghanistan,2017,19784,2482,1
Afghanistan,2018,26895,3724,1
Afghanistan,2019,30435,4682,1
Afghanistan,2020,20834,3317,1
Afghanistan,2021,36386,4512,1
Afghanistan,2022,1574,416,1
Afghanistan,2023,360,176,1
Afghanistan,2024,353,179,1
Albania,1989,0,0,0
Albania,1990,0,0,0
Albania,1991,0,0,0
Albania,1992,0,0,0
Albania,1993,0,0,0
Albania,1994,0,0,0
Albania,1995,0,0,0
Albania,1996,0,0,0
Albania,1997,0,0,0
Albania,1998,0,0,0
Albania,1999,26,10,1
Albania,2000,0,0,0
Albania,2001,0,0,0
Albania,2002,0,0,0
Albania,2003,0,0,0
Albania,2004,0,0,0
Albania,2005,0,0,0
Albania,2006,0,0,0
Albania,2007,0,0,0
Albania,2008,0,0,0
Albania,2009,0,0,0
Albania,2010,0,0,0
Albania,2011,0,0,0
Albania,2012,0,0,0
Albania,2013,0,0,0
Albania,2014,0,0,0
Albania,2015,0,0,0
Albania,2016,0,0,0
Albania,2017,0,0,0
Albania,2018,0,0,0
Albania,2019,0,0,0
Albania,2020,0,0,0
Albania,2021,0,0,0
Albania,2022,0,0,0
Albania,2023,0,0,0
Albania,2024,0,0,0
Algeria,1989,0,0,0
Algeria,1990,1,1,0
Algeria,1991,34,4,1
Algeria,1992,274,120,1
Algeria,1993,826,269,1
Algeria,1994,1943,350,1
Algeria,1995,3059,394,1
Algeria,1996,1091,123,1
Algeria,1997,2008,128,1
Algeria,1998,3284,383,1
Algeria,1999,1168,226,1
Algeria,2000,1193,252,1
Algeria,2001,674,80,1
Algeria,2002,1058,225,1
Algeria,2003,714,209,1
Algeria,2004,500,219,1
Algeria,2005,232,72,1
Algeria,2006,292,91,1
Algeria,2007,495,128,1
Algeria,2008,345,111,1
Algeria,2009,541,191,1
Algeria,2010,252,92,1
Algeria,2011,276,125,1
Algeria,2012,264,124,1
Algeria,2013,222,73,1
Algeria,2014,111,43,1
Algeria,2015,110,46,1
Algeria,2016,89,27,1
Algeria,2017,77,26,1
Algeria,2018,35,10,1
Algeria,2019,15,9,0
Algeria,2020,28,17,1
Algeria,2021,18,6,0
Algeria,2022,14,3,0
Algeria,2023,1,1,0
Algeria,2024,3,1,0
Angola,1989,2873,260,1
Angola,1990,2609,181,1
Angola,1991,516,19,1
Angola,1992,2352,38,1
Angola,1993,12398,220,1
Angola,1994,4009,320,1
Angola,1995,238,76,1
Angola,1996,32,28,1
Angola,1997,105,35,1
Angola,1998,1191,110,1
Angola,1999,2666,245,1
Angola,2000,1209,130,1
Angola,2001,2158,124,1
Angola,2002,579,69,1
Angola,2003,84,37,1
Angola,2004,38,19,1
Angola,2005,15,13,0
Angola,2006,3,12,0
Angola,2007,26,22,1
Angola,2008,4,9,0
Angola,2009,25,9,1
Angola,2010,10,4,0
Angola,2011,1,2,0
Angola,2012,0,0,0
Angola,2013,2,1,0
Angola,2014,0,6,0
Angola,2015,1,2,0
Angola,2016,26,18,1
Angola,2017,26,24,1
Angola,2018,24,6,0
Angola,2019,26,11,1
Angola,2020,29,26,1
Angola,2021,13,4,0
Angola,2022,21,17,0
Angola,2023,0,1,0
Angola,2024,25,10,1
Argentina,1989,0,0,0
Argentina,1990,0,0,0
Argentina,1991,0,0,0
Argentina,1992,0,1,0
Argentina,1993,0,0,0
Argentina,1994,86,1,1
Argentina,1995,0,0,0
Argentina,1996,0,0,0
Argentina,1997,0,0,0
Argentina,1998,0,0,0
Argentina,1999,0,0,0
Argentina,2000,0,0,0
Argentina,2001,0,0,0
Argentina,2002,0,0,0
Argentina,2003,0,0,0
Argentina,2004,0,0,0
Argentina,2005,0,0,0
Argentina,2006,0,0,0
Argentina,2007,0,0,0
Argentina,2008,0,0,0
Argentina,2009,0,0,0
Argentina,2010,0,0,0
Argentina,2011,0,0,0
Argentina,2012,0,0,0
Argentina,2013,0,0,0
Argentina,2014,0,0,0
Argentina,2015,0,0,0
Argentina,2016,0,0,0
Argentina,2017,0,0,0
Argentina,2018,0,0,0
Argentina,2019,0,0,0
Argentina,2020,0,0,0
Argentina,2021,0,0,0
Argentina,2022,0,0,0
Argentina,2023,0,0,0
Argentina,2024,0,0,0
Armenia,1989,0,0,0
Armenia,1990,0,0,0
Armenia,1991,0,0,0
Armenia,1992,85,9,1
Armenia,1993,37,7,1
Armenia,1994,30,1,1
Armenia,1995,7,5,0
Armenia,1996,0,0,0
Armenia,1997,0,0,0
Armenia,1998,0,0,0
Armenia,1999,0,0,0
Armenia,2000,0,0,0
Armenia,2001,0,0,0
Armenia,2002,0,0,0
Armenia,2003,0,0,0
Armenia,2004,0,0,0
Armenia,2005,1,1,0
Armenia,2006,2,2,0
Armenia,2007,0,0,0
Armenia,2008,0,0,0
Armenia,2009,0,0,0
Armenia,2010,0,0,0
Armenia,2011,0,0,0
Armenia,2012,9,5,0
Armenia,2013,1,1,0
Armenia,2014,0,0,0
Armenia,2015,16,8,0
Armenia,2016,4,1,0
Armenia,2017,0,0,0
Armenia,2018,1,1,0
Armenia,2019,2,2,0
Armenia,2020,10,8,0
Armenia,2021,10,8,0
Armenia,2022,154,8,1
Armenia,2023,20,10,0
Armenia,2024,0,0,0
Australia,1989,0,0,0
Australia,1990,0,0,0
Australia,1991,0,0,0
Australia,1992,0,0,0
Australia,1993,0,0,0
Australia,1994,0,0,0
Australia,1995,0,0,0
Australia,1996,0,0,0
Australia,1997,0,0,0
Australia,1998,0,0,0
Australia,1999,0,0,0
Australia,2000,0,0,0
Australia,2001,0,0,0
Australia,2002,0,0,0
Australia,2003,0,0,0
Australia,2004,0,0,0
Australia,2005,0,0,0
Australia,2006,0,0,0
Australia,2007,0,0,0
Australia,2008,0,0,0
Australia,2009,0,0,0
Australia,2010,0,0,0
Australia,2011,0,0,0
Australia,2012,0,0,0
Australia,2013,0,0,0
Australia,2014,0,0,0
Australia,2015,0,0,0
Australia,2016,0,0,0
Australia,2017,0,0,0
Australia,2018,2,2,0
Australia,2019,0,0,0
Australia,2020,0,0,0
Australia,2021,0,0,0
Australia,2022,0,0,0
Australia,2023,0,0,0
Australia,2024,0,0,0
Austria,1989,0,0,0
Austria,1990,0,0,0
Austria,1991,0,0,0
Austria,1992,0,0,0
Austria,1993,0,0,0
Austria,1994,0,0,0
Austria,1995,0,0,0
Austria,1996,0,0,0
Austria,1997,0,0,0
Austria,1998,0,0,0
Austria,1999,0,0,0
Austria,2000,0,0,0
Austria,2001,0,0,0
Austria,2002,0,0,0
Austria,2003,0,0,0
Austria,2004,0,0,0
Austria,2005,0,0,0
Austria,2006,0,0,0
Austria,2007,0,0,0
Austria,2008,0,0,0
Austria,2009,0,0,0
Austria,2010,0,0,0
Austria,2011,0,0,0
Austria,2012,0,0,0
Austria,2013,0,0,0
Austria,2014,0,0,0
Austria,2015,0,0,0
Austria,2016,0,0,0
Austria,2017,0,0,0
Austria,2018,0,0,0
Austria,2019,0,0,0
Austria,2020,4,1,0
Austria,2021,0,0,0
Austria,2022,0,0,0
Austria,2023,0,0,0
Austria,2024,0,0,0
Azerbaijan,1989,0,0,0
Azerbaijan,1990,0,0,0
Azerbaijan,1991,35,3,1
Azerbaijan,1992,2856,182,1
Azerbaijan,1993,1194,72,1
Azerbaijan,1994,1489,58,1
Azerbaijan,1995,55,10,1
Azerbaijan,1996,5,3,0
Azerbaijan,1997,29,3,1
Azerbaijan,1998,34,4,1
Azerbaijan,1999,18,6,0
Azerbaijan,2000,13,7,0
Azerbaijan,2001,6,5,0
Azerbaijan,2002,0,0,0
Azerbaijan,2003,0,0,0
Azerbaijan,2004,8,3,0
Azerbaijan,2005,24,22,0
Azerbaijan,2006,5,8,0
Azerbaijan,2007,12,11,0
Azerbaijan,2008,30,7,1
Azerbaijan,2009,7,6,0
Azerbaijan,2010,20,14,0
Azerbaijan,2011,21,20,0
Azerbaijan,2012,16,12,0
Azerbaijan,2013,11,10,0
Azerbaijan,2014,46,33,1
Azerbaijan,2015,63,43,1
Azerbaijan,2016,137,31,1
Azerbaijan,2017,36,21,1
Azerbaijan,2018,16,17,0
Azerbaijan,2019,9,10,0
Azerbaijan,2020,7636,141,1
Azerbaijan,2021,30,18,1
Azerbaijan,2022,154,9,1
Azerbaijan,2023,442,11,1
Azerbaijan,2024,0,0,0
Bahrain,1989,0,0,0
Bahrain,1990,0,0,0
Bahrain,1991,0,0,0
Bahrain,1992,0,0,0
Bahrain,1993,0,0,0
Bahrain,1994,0,0,0
Bahrain,1995,0,0,0
Bahrain,1996,0,0,0
Bahrain,1997,0,0,0
Bahrain,1998,0,0,0
Bahrain,1999,0,0,0
Bahrain,2000,0,0,0
Bahrain,2001,0,0,0
Bahrain,2002,0,0,0
Bahrain,2003,0,0,0
Bahrain,2004,0,0,0
Bahrain,2005,0,0,0
Bahrain,2006,0,0,0
Bahrain,2007,0,0,0
Bahrain,2008,0,0,0
Bahrain,2009,0,0,0
Bahrain,2010,0,0,0
Bahrain,2011,26,24,1
Bahrain,2012,0,0,0
Bahrain,2013,0,0,0
Bahrain,2014,0,0,0
Bahrain,2015,0,0,0
Bahrain,2016,0,0,0
Bahrain,2017,0,0,0
Bahrain,2018,0,0,0
Bahrain,2019,0,0,0
Bahrain,2020,0,0,0
Bahrain,2021,0,0,0
Bahrain,2022,0,0,0
Bahrain,2023,0,0,0
Bahrain,2024,0,0,0
Bangladesh,1989,81,20,1
Bangladesh,1990,94,27,1
Bangladesh,1991,107,36,1
Bangladesh,1992,225,29,1
Bangladesh,1993,43,18,1
Bangladesh,1994,32,6,1
Bangladesh,1995,14,13,0
Bangladesh,1996,46,23,1
Bangladesh,1997,16,11,0
Bangladesh,1998,21,11,0
Bangladesh,1999,14,19,0
Bangladesh,2000,105,8,1
Bangladesh,2001,72,29,1
Bangladesh,2002,7,5,0
Bangladesh,2003,8,15,0
Bangladesh,2004,75,38,1
Bangladesh,2005,80,66,1
Bangladesh,2006,96,74,1
Bangladesh,2007,18,13,0
Bangladesh,2008,13,11,0
Bangladesh,2009,10,9,0
Bangladesh,2010,5,8,0
Bangladesh,2011,0,1,0
Bangladesh,2012,2,2,0
Bangladesh,2013,54,38,1
Bangladesh,2014,2,2,0
Bangladesh,2015,10,8,0
Bangladesh,2016,73,25,1
Bangladesh,2017,48,23,1
Bangladesh,2018,28,20,1
Bangladesh,2019,3,3,0
Bangladesh,2020,5,5,0
Bangladesh,2021,2,3,0
Bangladesh,2022,13,9,0
Bangladesh,2023,12,11,0
Bangladesh,2024,374,54,1
Belgium,1989,0,0,0
Belgium,1990,0,0,0
Belgium,1991,0,0,0
Belgium,1992,0,0,0
Belgium,1993,0,0,0
Belgium,1994,0,0,0
Belgium,1995,0,0,0
Belgium,1996,0,0,0
Belgium,1997,0,0,0
Belgium,1998,0,0,0
Belgium,1999,0,0,0
Belgium,2000,0,0,0
Belgium,2001,0,0,0
Belgium,2002,0,0,0
Belgium,2003,0,0,0
Belgium,2004,0,0,0
Belgium,2005,0,0,0
Belgium,2006,0,0,0
Belgium,2007,0,0,0
Belgium,2008,0,0,0
Belgium,2009,0,0,0
Belgium,2010,0,0,0
Belgium,2011,0,0,0
Belgium,2012,0,0,0
Belgium,2013,0,0,0
Belgium,2014,0,0,0
Belgium,2015,0,0,0
Belgium,2016,34,3,1
Belgium,2017,0,0,0
Belgium,2018,4,2,0
Belgium,2019,0,0,0
Belgium,2020,0,0,0
Belgium,2021,0,0,0
Belgium,2022,0,0,0
Belgium,2023,2,1,0
Belgium,2024,0,0,0
Benin,1989,0,0,0
Benin,1990,0,0,0
Benin,1991,0,0,0
Benin,1992,0,0,0
Benin,1993,0,0,0
Benin,1994,0,0,0
Benin,1995,0,0,0
Benin,1996,0,0,0
Benin,1997,0,0,0
Benin,1998,0,0,0
Benin,1999,0,0,0
Benin,2000,0,0,0
Benin,2001,0,0,0
Benin,2002,0,0,0
Benin,2003,0,0,0
Benin,2004,0,0,0
Benin,2005,0,0,0
Benin,2006,0,0,0
Benin,2007,0,0,0
Benin,2008,0,0,0
Benin,2009,0,0,0
Benin,2010,0,0,0
Benin,2011,0,0,0
Benin,2012,0,0,0
Benin,2013,0,0,0
Benin,2014,0,0,0
Benin,2015,0,0,0
Benin,2016,0,0,0
Benin,2017,0,0,0
Benin,2018,0,0,0
Benin,2019,1,1,0
Benin,2020,1,1,0
Benin,2021,11,6,0
Benin,2022,30,8,1
Benin,2023,46,20,1
Benin,2024,85,29,1
Bhutan,1989,0,0,0
Bhutan,1990,0,0,0
Bhutan,1991,0,0,0
Bhutan,1992,0,0,0
Bhutan,1993,0,0,0
Bhutan,1994,0,0,0
Bhutan,1995,0,0,0
Bhutan,1996,0,0,0
Bhutan,1997,4,1,0
Bhutan,1998,0,0,0
Bhutan,1999,0,0,0
Bhutan,2000,0,0,0
Bhutan,2001,0,0,0
Bhutan,2002,0,0,0
Bhutan,2003,0,0,0
Bhutan,2004,0,1,0
Bhutan,2005,0,0,0
Bhutan,2006,0,0,0
Bhutan,2007,0,0,0
Bhutan,2008,0,0,0
Bhutan,2009,0,0,0
Bhutan,2010,0,0,0
Bhutan,2011,0,0,0
Bhutan,2012,0,0,0
Bhutan,2013,0,0,0
Bhutan,2014,0,0,0
Bhutan,2015,0,0,0
Bhutan,2016,0,0,0
Bhutan,2017,0,0,0
Bhutan,2018,0,0,0
Bhutan,2019,0,0,0
Bhutan,2020,0,0,0
Bhutan,2021,0,0,0
Bhutan,2022,0,0,0
Bhutan,2023,0,0,0
Bhutan,2024,0,0,0
Bolivia,1989,0,0,0
Bolivia,1990,0,0,0
Bolivia,1991,0,0,0
Bolivia,1992,0,0,0
Bolivia,1993,0,0,0
Bolivia,1994,0,0,0
Bolivia,1995,0,0,0
Bolivia,1996,0,0,0
Bolivia,1997,0,0,0
Bolivia,1998,2,1,0
Bolivia,1999,0,0,0
Bolivia,2000,50,9,1
Bolivia,2001,0,0,0
Bolivia,2002,0,0,0
Bolivia,2003,0,0,0
Bolivia,2004,0,0,0
Bolivia,2005,0,0,0
Bolivia,2006,0,0,0
Bolivia,2007,0,0,0
Bolivia,2008,0,0,0
Bolivia,2009,0,0,0
Bolivia,2010,0,0,0
Bolivia,2011,0,0,0
Bolivia,2012,0,0,0
Bolivia,2013,0,0,0
Bolivia,2014,0,0,0
Bolivia,2015,0,0,0
Bolivia,2016,0,0,0
Bolivia,2017,0,0,0
Bolivia,2018,0,0,0
Bolivia,2019,0,0,0
Bolivia,2020,0,0,0
Bolivia,2021,1,1,0
Bolivia,2022,0,0,0
Bolivia,2023,1,1,0
Bolivia,2024,0,0,0
Bosnia-Herzegovina,1989,0,0,0
Bosnia-Herzegovina,1990,0,0,0
Bosnia-Herzegovina,1991,0,0,0
Bosnia-Herzegovina,1992,25171,3769,1
Bosnia-Herzegovina,1993,13787,2828,1
Bosnia-Herzegovina,1994,7312,1862,1
Bosnia-Herzegovina,1995,17265,881,1
Bosnia-Herzegovina,1996,0,0,0
Bosnia-Herzegovina,1997,0,0,0
Bosnia-Herzegovina,1998,0,0,0
Bosnia-Herzegovina,1999,0,0,0
Bosnia-Herzegovina,2000,0,0,0
Bosnia-Herzegovina,2001,0,0,0
Bosnia-Herzegovina,2002,0,0,0
Bosnia-Herzegovina,2003,0,0,0
Bosnia-Herzegovina,2004,0,0,0
Bosnia-Herzegovina,2005,0,0,0
Bosnia-Herzegovina,2006,0,0,0
Bosnia-Herzegovina,2007,0,0,0
Bosnia-Herzegovina,2008,0,0,0
Bosnia-Herzegovina,2009,0,0,0
Bosnia-Herzegovina,2010,0,0,0
Bosnia-Herzegovina,2011,0,0,0
Bosnia-Herzegovina,2012,0,0,0
Bosnia-Herzegovina,2013,0,0,0
Bosnia-Herzegovina,2014,0,0,0
Bosnia-Herzegovina,2015,0,0,0
Bosnia-Herzegovina,2016,0,0,0
Bosnia-Herzegovina,2017,0,0,0
Bosnia-Herzegovina,2018,0,0,0
Bosnia-Herzegovina,2019,0,0,0
Bosnia-Herzegovina,2020,0,0,0
Bosnia-Herzegovina,2021,0,0,0
Bosnia-Herzegovina,2022,0,0,0
Bosnia-Herzegovina,2023,0,0,0
Bosnia-Herzegovina,2024,0,0,0
Botswana,1989,0,0,0
Botswana,1990,1,1,0
Botswana,1991,0,0,0
Botswana,1992,0,0,0
Botswana,1993,0,0,0
Botswana,1994,0,0,0
Botswana,1995,0,0,0
Botswana,1996,0,0,0
Botswana,1997,0,0,0
Botswana,1998,0,0,0
Botswana,1999,0,0,0
Botswana,2000,0,0,0
Botswana,2001,0,0,0
Botswana,2002,0,0,0
Botswana,2003,0,0,0
Botswana,2004,0,0,0
Botswana,2005,0,0,0
Botswana,2006,0,0,0
Botswana,2007,0,0,0
Botswana,2008,0,0,0
Botswana,2009,0,0,0
Botswana,2010,0,0,0
Botswana,2011,0,0,0
Botswana,2012,0,0,0
Botswana,2013,0,0,0
Botswana,2014,0,0,0
Botswana,2015,0,0,0
Botswana,2016,0,0,0
Botswana,2017,0,0,0
Botswana,2018,0,0,0
Botswana,2019,0,0,0
Botswana,2020,0,0,0
Botswana,2021,0,0,0
Botswana,2022,0,0,0
Botswana,2023,0,0,0
Botswana,2024,0,0,0
Brazil,1989,0,0,0
Brazil,1990,0,0,0
Brazil,1991,0,0,0
Brazil,1992,0,0,0
Brazil,1993,43,5,1
Brazil,1994,32,7,1
Brazil,1995,51,8,1
Brazil,1996,20,3,0
Brazil,1997,41,14,1
Brazil,1998,16,6,0
Brazil,1999,86,31,1
Brazil,2000,64,27,1
Brazil,2001,81,14,1
Brazil,2002,65,21,1
Brazil,2003,51,12,1
Brazil,2004,86,12,1
Brazil,2005,60,18,1
Brazil,2006,23,4,0
Brazil,2007,40,9,1
Brazil,2008,20,5,0
Brazil,2009,40,3,1
Brazil,2010,4,2,0
Brazil,2011,34,4,1
Brazil,2012,275,7,1
Brazil,2013,28,10,1
Brazil,2014,4,4,0
Brazil,2015,83,17,1
Brazil,2016,156,58,1
Brazil,2017,3062,316,1
Brazil,2018,2662,357,1
Brazil,2019,1731,636,1
Brazil,2020,2670,744,1
Brazil,2021,2661,843,1
Brazil,2022,1703,1514,1
Brazil,2023,2481,2159,1
Brazil,2024,1635,1461,1
Burkina Faso,1989,0,0,0
Burkina Faso,1990,0,0,0
Burkina Faso,1991,0,0,0
Burkina Faso,1992,0,0,0
Burkina Faso,1993,0,0,0
Burkina Faso,1994,0,0,0
Burkina Faso,1995,0,0,0
Burkina Faso,1996,0,0,0
Burkina Faso,1997,0,0,0
Burkina Faso,1998,0,0,0
Burkina Faso,1999,0,0,0
Burkina Faso,2000,0,0,0
Burkina Faso,2001,0,0,0
Burkina Faso,2002,0,0,0
Burkina Faso,2003,0,0,0
Burkina Faso,2004,0,0,0
Burkina Faso,2005,0,0,0
Burkina Faso,2006,0,0,0
Burkina Faso,2007,0,0,0
Burkina Faso,2008,0,0,0
Burkina Faso,2009,0,0,0
Burkina Faso,2010,0,0,0
Burkina Faso,2011,0,0,0
Burkina Faso,2012,0,0,0
Burkina Faso,2013,0,0,0
Burkina Faso,2014,0,0,0
Burkina Faso,2015,0,0,0
Burkina Faso,2016,26,2,1
Burkina Faso,2017,54,27,1
Burkina Faso,2018,195,65,1
Burkina Faso,2019,1246,222,1
Burkina Faso,2020,1167,166,1
Burkina Faso,2021,1458,191,1
Burkina Faso,2022,2704,237,1
Burkina Faso,2023,6122,599,1
Burkina Faso,2024,4251,307,1
Burundi,1989,0,0,0
Burundi,1990,7,1,0
Burundi,1991,342,21,1
Burundi,1992,61,3,1
Burundi,1993,10218,454,1
Burundi,1994,897,46,1
Burundi,1995,2828,126,1
Burundi,1996,18184,188,1
Burundi,1997,4395,200,1
Burundi,1998,1797,122,1
Burundi,1999,1852,200,1
Burundi,2000,2442,250,1
Burundi,2001,1634,188,1
Burundi,2002,1990,239,1
Burundi,2003,1283,208,1
Burundi,2004,734,89,1
Burundi,2005,485,120,1
Burundi,2006,251,55,1
Burundi,2007,79,25,1
Burundi,2008,257,48,1
Burundi,2009,0,3,0
Burundi,2010,0,0,0
Burundi,2011,4,6,0
Burundi,2012,14,7,0
Burundi,2013,16,7,0
Burundi,2014,61,9,1
Burundi,2015,265,42,1
Burundi,2016,93,75,1
Burundi,2017,43,43,1
Burundi,2018,116,60,1
Burundi,2019,75,51,1
Burundi,2020,145,78,1
Burundi,2021,81,50,1
Burundi,2022,48,42,1
Burundi,2023,125,39,1
Burundi,2024,70,49,1
Cambodia (Kampuchea),1989,814,43,1
Cambodia (Kampuchea),1990,377,25,1
Cambodia (Kampuchea),1991,322,18,1
Cambodia (Kampuchea),1992,193,17,1
Cambodia (Kampuchea),1993,484,82,1
Cambodia (Kampuchea),1994,572,73,1
Cambodia (Kampuchea),1995,723,100,1
Cambodia (Kampuchea),1996,846,89,1
Cambodia (Kampuchea),1997,444,50,1
Cambodia (Kampuchea),1998,274,35,1
Cambodia (Kampuchea),1999,0,1,0
Cambodia (Kampuchea),2000,4,4,0
Cambodia (Kampuchea),2001,0,0,0
Cambodia (Kampuchea),2002,0,0,0
Cambodia (Kampuchea),2003,1,1,0
Cambodia (Kampuchea),2004,0,0,0
Cambodia (Kampuchea),2005,0,0,0
Cambodia (Kampuchea),2006,0,0,0
Cambodia (Kampuchea),2007,2,1,0
Cambodia (Kampuchea),2008,2,1,0
Cambodia (Kampuchea),2009,2,1,0
Cambodia (Kampuchea),2010,0,0,0
Cambodia (Kampuchea),2011,10,3,0
Cambodia (Kampuchea),2012,1,2,0
Cambodia (Kampuchea),2013,0,0,0
Cambodia (Kampuchea),2014,0,0,0
Cambodia (Kampuchea),2015,0,0,0
Cambodia (Kampuchea),2016,0,0,0
Cambodia (Kampuchea),2017,0,0,0
Cambodia (Kampuchea),2018,0,0,0
Cambodia (Kampuchea),2019,0,0,0
Cambodia (Kampuchea),2020,0,0,0
Cambodia (Kampuchea),2021,0,0,0
Cambodia (Kampuchea),2022,0,0,0
Cambodia (Kampuchea),2023,0,0,0
Cambodia (Kampuchea),2024,0,0,0
Cameroon,1989,0,0,0
Cameroon,1990,6,1,0
Cameroon,1991,50,1,1
Cameroon,1992,25,3,1
Cameroon,1993,47,5,1
Cameroon,1994,102,7,1
Cameroon,1995,0,0,0
Cameroon,1996,56,3,1
Cameroon,1997,0,0,0
Cameroon,1998,52,4,1
Cameroon,1999,0,0,0
Cameroon,2000,2,4,0
Cameroon,2001,0,2,0
Cameroon,2002,0,0,0
Cameroon,2003,0,0,0
Cameroon,2004,0,1,0
Cameroon,2005,0,3,0
Cameroon,2006,0,0,0
Cameroon,2007,0,0,0
Cameroon,2008,0,1,0
Cameroon,2009,0,1,0
Cameroon,2010,0,0,0
Cameroon,2011,0,0,0
Cameroon,2012,0,0,0
Cameroon,2013,1,1,0
Cameroon,2014,1047,51,1
Cameroon,2015,1263,62,1
Cameroon,2016,491,97,1
Cameroon,2017,410,138,1
Cameroon,2018,1013,253,1
Cameroon,2019,868,248,1
Cameroon,2020,792,261,1
Cameroon,2021,827,278,1
Cameroon,2022,667,225,1
Cameroon,2023,638,294,1
Cameroon,2024,421,193,1
Canada,1989,0,0,0
Canada,1990,0,0,0
Canada,1991,0,0,0
Canada,1992,0,0,0
Canada,1993,0,0,0
Canada,1994,3,3,0
Canada,1995,24,9,0
Canada,1996,2,1,0
Canada,1997,2,1,0
Canada,1998,27,9,1
Canada,1999,11,3,0
Canada,2000,23,8,0
Canada,2001,1,1,0
Canada,2002,0,0,0
Canada,2003,0,0,0
Canada,2004,0,0,0
Canada,2005,0,0,0
Canada,2006,0,0,0
Canada,2007,0,0,0
Canada,2008,0,0,0
Canada,2009,0,0,0
Canada,2010,0,0,0
Canada,2011,0,0,0
Canada,2012,0,0,0
Canada,2013,0,0,0
Canada,2014,0,0,0
Canada,2015,0,0,0
Canada,2016,0,0,0
Canada,2017,0,0,0
Canada,2018,0,0,0
Canada,2019,0,0,0
Canada,2020,0,0,0
Canada,2021,0,0,0
Canada,2022,0,0,0
Canada,2023,0,0,0
Canada,2024,0,0,0
Central African Republic,1989,0,0,0
Central African Republic,1990,0,0,0
Central African Republic,1991,0,1,0
Central African Republic,1992,3,1,0
Central African Republic,1993,4,3,0
Central African Republic,1994,0,0,0
Central African Republic,1995,0,0,0
Central African Republic,1996,0,0,0
Central African Republic,1997,0,0,0
Central African Republic,1998,0,0,0
Central African Republic,1999,5,1,0
Central African Republic,2000,6,1,0
Central African Republic,2001,216,21,1
Central African Republic,2002,152,14,1
Central African Republic,2003,19,5,0
Central African Republic,2004,23,3,0
Central African Republic,2005,8,6,0
Central African Republic,2006,190,42,1
Central African Republic,2007,143,23,1
Central African Republic,2008,8,5,0
Central African Republic,2009,244,61,1
Central African Republic,2010,148,43,1
Central African Republic,2011,195,23,1
Central African Republic,2012,132,31,1
Central African Republic,2013,3396,186,1
Central African Republic,2014,3493,461,1
Central African Republic,2015,745,150,1
Central African Republic,2016,688,70,1
Central African Republic,2017,1865,222,1
Central African Republic,2018,640,88,1
Central African Republic,2019,501,64,1
Central African Republic,2020,299,56,1
Central African Republic,2021,1080,167,1
Central African Republic,2022,773,105,1
Central African Republic,2023,423,86,1
Central African Republic,2024,485,92,1
Chad,1989,50,3,1
Chad,1990,686,19,1
Chad,1991,95,6,1
Chad,1992,1190,31,1
Chad,1993,313,15,1
Chad,1994,521,17,1
Chad,1995,53,17,1
Chad,1996,4,3,0
Chad,1997,134,8,1
Chad,1998,198,9,1
Chad,1999,394,12,1
Chad,2000,1070,14,1
Chad,2001,230,6,1
Chad,2002,297,9,1
Chad,2003,37,4,1
Chad,2004,80,10,1
Chad,2005,267,8,1
Chad,2006,1956,62,1
Chad,2007,431,19,1
Chad,2008,994,15,1
Chad,2009,135,12,1
Chad,2010,4,1,0
Chad,2011,0,0,0
Chad,2012,0,0,0
Chad,2013,0,0,0
Chad,2014,16,3,0
Chad,2015,397,29,1
Chad,2016,26,7,1
Chad,2017,91,6,1
Chad,2018,168,12,1
Chad,2019,253,23,1
Chad,2020,249,26,1
Chad,2021,667,13,1
Chad,2022,114,12,1
Chad,2023,112,11,1
Chad,2024,195,24,1
China,1989,2600,3,1
China,1990,22,3,0
China,1991,0,0,0
China,1992,0,0,0
China,1993,0,0,0
China,1994,0,0,0
China,1995,0,0,0
China,1996,0,0,0
China,1997,4,2,0
China,1998,0,0,0
China,1999,0,3,0
China,2000,0,0,0
China,2001,0,0,0
China,2002,0,0,0
China,2003,0,0,0
China,2004,0,0,0
China,2005,12,2,0
China,2006,0,0,0
China,2007,0,1,0
China,2008,87,16,1
China,2009,189,5,1
China,2010,0,0,0
China,2011,0,0,0
China,2012,0,0,0
China,2013,0,0,0
China,2014,0,0,0
China,2015,5,1,0
China,2016,0,0,0
China,2017,6,2,0
China,2018,0,0,0
China,2019,0,0,0
China,2020,0,0,0
China,2021,0,0,0
China,2022,0,0,0
China,2023,1,1,0
China,2024,0,0,0
Colombia,1989,384,53,1
Colombia,1990,712,100,1
Colombia,1991,872,128,1
Colombia,1992,1500,103,1
Colombia,1993,302,47,1
Colombia,1994,1211,70,1
Colombia,1995,943,77,1
Colombia,1996,1401,150,1
Colombia,1997,891,181,1
Colombia,1998,1646,145,1
Colombia,1999,2638,394,1
Colombia,2000,4388,1334,1
Colombia,2001,4611,1365,1
Colombia,2002,6012,1908,1
Colombia,2003,4678,2264,1
Colombia,2004,3380,1745,1
Colombia,2005,2888,1291,1
Colombia,2006,945,364,1
Colombia,2007,683,319,1
Colombia,2008,643,336,1
Colombia,2009,501,137,1
Colombia,2010,442,88,1
Colombia,2011,227,60,1
Colombia,2012,227,37,1
Colombia,2013,140,22,1
Colombia,2014,157,48,1
Colombia,2015,144,33,1
Colombia,2016,85,101,1
Colombia,2017,107,155,1
Colombia,2018,253,170,1
Colombia,2019,219,109,1
Colombia,2020,196,144,1
Colombia,2021,291,160,1
Colombia,2022,360,172,1
Colombia,2023,534,413,1
Colombia,2024,664,397,1
Comoros,1989,29,2,1
Comoros,1990,0,0,0
Comoros,1991,0,0,0
Comoros,1992,0,0,0
Comoros,1993,0,0,0
Comoros,1994,0,0,0
Comoros,1995,0,0,0
Comoros,1996,0,0,0
Comoros,1997,56,2,1
Comoros,1998,40,3,1
Comoros,1999,0,0,0
Comoros,2000,0,0,0
Comoros,2001,0,0,0
Comoros,2002,0,0,0
Comoros,2003,0,0,0
Comoros,2004,0,0,0
Comoros,2005,0,0,0
Comoros,2006,0,0,0
Comoros,2007,0,0,0
Comoros,2008,0,0,0
Comoros,2009,0,0,0
Comoros,2010,0,0,0
Comoros,2011,0,0,0
Comoros,2012,0,0,0
Comoros,2013,0,0,0
Comoros,2014,0,0,0
Comoros,2015,0,0,0
Comoros,2016,0,0,0
Comoros,2017,0,0,0
Comoros,2018,0,0,0
Comoros,2019,0,0,0
Comoros,2020,0,0,0
Comoros,2021,0,0,0
Comoros,2022,0,0,0
Comoros,2023,0,0,0
Comoros,2024,0,0,0
Congo,1989,0,0,0
Congo,1990,0,0,0
Congo,1991,0,0,0
Congo,1992,2,1,0
Congo,1993,135,10,1
Congo,1994,18,8,0
Congo,1995,2,1,0
Congo,1996,1,2,0
Congo,1997,10412,57,1
Congo,1998,3763,54,1
Congo,1999,948,48,1
Congo,2000,0,0,0
Congo,2001,3,1,0
Congo,2002,234,24,1
Congo,2003,33,6,1
Congo,2004,0,0,0
Congo,2005,15,5,0
Congo,2006,0,0,0
Congo,2007,2,1,0
Congo,2008,1,1,0
Congo,2009,0,0,0
Congo,2010,0,0,0
Congo,2011,1,1,0
Congo,2012,2,2,0
Congo,2013,0,0,0
Congo,2014,0,0,0
Congo,2015,0,1,0
Congo,2016,73,8,1
Congo,2017,20,3,0
Congo,2018,0,0,0
Congo,2019,0,2,0
Congo,2020,0,1,0
Congo,2021,0,0,0
Congo,2022,3,2,0
Congo,2023,0,0,0
Congo,2024,0,0,0
Croatia,1989,0,0,0
Croatia,1990,0,0,0
Croatia,1991,0,0,0
Croatia,1992,142,33,1
Croatia,1993,373,55,1
Croatia,1994,0,0,0
Croatia,1995,963,69,1
Croatia,1996,0,0,0
Croatia,1997,0,0,0
Croatia,1998,0,0,0
Croatia,1999,0,0,0
Croatia,2000,0,0,0
Croatia,2001,0,0,0
Croatia,2002,0,0,0
Croatia,2003,0,0,0
Croatia,2004,0,0,0
Croatia,2005,0,0,0
Croatia,2006,0,0,0
Croatia,2007,0,0,0
Croatia,2008,0,0,0
Croatia,2009,0,0,0
Croatia,2010,0,0,0
Croatia,2011,0,0,0
Croatia,2012,0,0,0
Croatia,2013,0,0,0
Croatia,2014,0,0,0
Croatia,2015,0,0,0
Croatia,2016,0,0,0
Croatia,2017,0,0,0
Croatia,2018,0,0,0
Croatia,2019,0,0,0
Croatia,2020,0,0,0
Croatia,2021,0,0,0
Croatia,2022,0,0,0
Croatia,2023,0,0,0
Croatia,2024,0,0,0
DR Congo (Zaire),1989,28,3,1
DR Congo (Zaire),1990,147,4,1
DR Congo (Zaire),1991,32,7,1
DR Congo (Zaire),1992,67,11,1
DR Congo (Zaire),1993,3337,20,1
DR Congo (Zaire),1994,332,16,1
DR Congo (Zaire),1995,526,16,1
DR Congo (Zaire),1996,34307,209,1
DR Congo (Zaire),1997,13897,137,1
DR Congo (Zaire),1998,7717,118,1
DR Congo (Zaire),1999,7849,168,1
DR Congo (Zaire),2000,3055,115,1
DR Congo (Zaire),2001,1490,66,1
DR Congo (Zaire),2002,7945,136,1
DR Congo (Zaire),2003,4324,82,1
DR Congo (Zaire),2004,782,31,1
DR Congo (Zaire),2005,305,25,1
DR Congo (Zaire),2006,390,80,1
DR Congo (Zaire),2007,879,112,1
DR Congo (Zaire),2008,1740,105,1
DR Congo (Zaire),2009,5308,551,1
DR Congo (Zaire),2010,1088,87,1
DR Congo (Zaire),2011,552,165,1
DR Congo (Zaire),2012,1838,156,1
DR Congo (Zaire),2013,2197,161,1
DR Congo (Zaire),2014,1624,128,1
DR Congo (Zaire),2015,737,124,1
DR Congo (Zaire),2016,2194,211,1
DR Congo (Zaire),2017,5975,503,1
DR Congo (Zaire),2018,3147,462,1
DR Congo (Zaire),2019,2529,441,1
DR Congo (Zaire),2020,4008,832,1
DR Congo (Zaire),2021,3723,809,1
DR Congo (Zaire),2022,5967,1199,1
DR Congo (Zaire),2023,3936,828,1
DR Congo (Zaire),2024,5409,783,1
Djibouti,1989,6,1,0
Djibouti,1990,60,1,1
Djibouti,1991,134,9,1
Djibouti,1992,129,11,1
Djibouti,1993,33,12,1
Djibouti,1994,39,5,1
Djibouti,1995,18,4,0
Djibouti,1996,0,2,0
Djibouti,1997,11,1,0
Djibouti,1998,16,2,0
Djibouti,1999,25,8,1
Djibouti,2000,0,0,0
Djibouti,2001,0,0,0
Djibouti,2002,0,0,0
Djibouti,2003,0,0,0
Djibouti,2004,0,0,0
Djibouti,2005,0,0,0
Djibouti,2006,0,0,0
Djibouti,2007,0,0,0
Djibouti,2008,35,2,1
Djibouti,2009,0,0,0
Djibouti,2010,0,0,0
Djibouti,2011,0,0,0
Djibouti,2012,0,0,0
Djibouti,2013,0,0,0
Djibouti,2014,1,1,0
Djibouti,2015,0,0,0
Djibouti,2016,0,0,0
Djibouti,2017,0,0,0
Djibouti,2018,6,1,0
Djibouti,2019,0,0,0
Djibouti,2020,0,0,0
Djibouti,2021,3,1,0
Djibouti,2022,0,0,0
Djibouti,2023,0,0,0
Djibouti,2024,0,0,0
Ecuador,1989,0,0,0
Ecuador,1990,0,0,0
Ecuador,1991,0,0,0
Ecuador,1992,0,0,0
Ecuador,1993,0,0,0
Ecuador,1994,0,0,0
Ecuador,1995,11,4,0
Ecuador,1996,0,0,0
Ecuador,1997,0,0,0
Ecuador,1998,0,0,0
Ecuador,1999,0,0,0
Ecuador,2000,0,0,0
Ecuador,2001,2,1,0
Ecuador,2002,0,0,0
Ecuador,2003,26,1,1
Ecuador,2004,0,0,0
Ecuador,2005,3,1,0
Ecuador,2006,2,1,0
Ecuador,2007,2,1,0
Ecuador,2008,53,3,1
Ecuador,2009,0,0,0
Ecuador,2010,0,0,0
Ecuador,2011,0,0,0
Ecuador,2012,0,0,0
Ecuador,2013,0,0,0
Ecuador,2014,0,0,0
Ecuador,2015,0,0,0
Ecuador,2016,0,0,0
Ecuador,2017,0,0,0
Ecuador,2018,0,0,0
Ecuador,2019,2,1,0
Ecuador,2020,11,1,0
Ecuador,2021,291,8,1
Ecuador,2022,118,11,1
Ecuador,2023,540,454,1
Ecuador,2024,328,238,1
Egypt,1989,0,0,0
Egypt,1990,4,2,0
Egypt,1991,0,0,0
Egypt,1992,13,5,0
Egypt,1993,108,43,1
Egypt,1994,162,76,1
Egypt,1995,233,118,1
Egypt,1996,149,75,1
Egypt,1997,143,34,1
Egypt,1998,29,10,1
Egypt,1999,4,2,0
Egypt,2000,5,4,0
Egypt,2001,0,0,0
Egypt,2002,0,0,0
Egypt,2003,0,0,0
Egypt,2004,35,3,1
Egypt,2005,124,4,1
Egypt,2006,2,2,0
Egypt,2007,0,0,0
Egypt,2008,2,2,0
Egypt,2009,1,2,0
Egypt,2010,1,1,0
Egypt,2011,31,4,1
Egypt,2012,75,2,1
Egypt,2013,135,46,1
Egypt,2014,249,45,1
Egypt,2015,991,60,1
Egypt,2016,404,40,1
Egypt,2017,902,111,1
Egypt,2018,692,86,1
Egypt,2019,664,120,1
Egypt,2020,547,124,1
Egypt,2021,124,64,1
Egypt,2022,236,68,1
Egypt,2023,6,4,0
Egypt,2024,0,0,0
El Salvador,1989,4924,58,1
El Salvador,1990,849,46,1
El Salvador,1991,88,10,1
El Salvador,1992,4,1,0
El Salvador,1993,0,0,0
El Salvador,1994,0,0,0
El Salvador,1995,0,0,0
El Salvador,1996,0,0,0
El Salvador,1997,0,0,0
El Salvador,1998,0,0,0
El Salvador,1999,0,0,0
El Salvador,2000,0,0,0
El Salvador,2001,0,0,0
El Salvador,2002,0,0,0
El Salvador,2003,0,0,0
El Salvador,2004,34,1,1
El Salvador,2005,0,0,0
El Salvador,2006,0,0,0
El Salvador,2007,0,0,0
El Salvador,2008,0,0,0
El Salvador,2009,5,2,0
El Salvador,2010,2,2,0
El Salvador,2011,0,0,0
El Salvador,2012,0,0,0
El Salvador,2013,0,0,0
El Salvador,2014,0,0,0
El Salvador,2015,1,1,0
El Salvador,2016,0,0,0
El Salvador,2017,1,1,0
El Salvador,2018,0,0,0
El Salvador,2019,1,1,0
El Salvador,2020,0,0,0
El Salvador,2021,9,2,0
El Salvador,2022,88,68,1
El Salvador,2023,0,0,0
El Salvador,2024,0,0,0
Eritrea,1989,0,0,0
Eritrea,1990,0,0,0
Eritrea,1991,0,0,0
Eritrea,1992,0,0,0
Eritrea,1993,21,1,0
Eritrea,1994,0,0,0
Eritrea,1995,0,0,0
Eritrea,1996,14,2,0
Eritrea,1997,31,9,1
Eritrea,1998,792,3,1
Eritrea,1999,17203,13,1
Eritrea,2000,1793,10,1
Eritrea,2001,0,0,0
Eritrea,2002,0,0,0
Eritrea,2003,57,9,1
Eritrea,2004,0,0,0
Eritrea,2005,0,0,0
Eritrea,2006,0,0,0
Eritrea,2007,0,0,0
Eritrea,2008,0,1,0
Eritrea,2009,0,0,0
Eritrea,2010,0,0,0
Eritrea,2011,0,0,0
Eritrea,2012,0,0,0
Eritrea,2013,0,0,0
Eritrea,2014,0,0,0
Eritrea,2015,0,0,0
Eritrea,2016,25,1,1
Eritrea,2017,0,0,0
Eritrea,2018,0,0,0
Eritrea,2019,0,0,0
Eritrea,2020,0,0,0
Eritrea,2021,0,0,0
Eritrea,2022,4,4,0
Eritrea,2023,0,0,0
Eritrea,2024,0,0,0
Ethiopia,1989,25385,72,1
Ethiopia,1990,49856,110,1
Ethiopia,1991,12440,44,1
Ethiopia,1992,1026,16,1
Ethiopia,1993,133,13,1
Ethiopia,1994,76,5,1
Ethiopia,1995,1043,9,1
Ethiopia,1996,65,5,1
Ethiopia,1997,12,4,0
Ethiopia,1998,1027,21,1
Ethiopia,1999,30786,42,1
Ethiopia,2000,48666,77,1
Ethiopia,2001,388,52,1
Ethiopia,2002,809,124,1
Ethiopia,2003,1093,69,1
Ethiopia,2004,475,126,1
Ethiopia,2005,290,90,1
Ethiopia,2006,430,102,1
Ethiopia,2007,500,145,1
Ethiopia,2008,311,83,1
Ethiopia,2009,590,87,1
Ethiopia,2010,152,98,1
Ethiopia,2011,66,92,1
Ethiopia,2012,391,90,1
Ethiopia,2013,88,54,1
Ethiopia,2014,139,27,1
Ethiopia,2015,307,97,1
Ethiopia,2016,529,148,1
Ethiopia,2017,488,41,1
Ethiopia,2018,713,63,1
Ethiopia,2019,425,63,1
Ethiopia,2020,24429,263,1
Ethiopia,2021,129516,730,1
Ethiopia,2022,165025,879,1
Ethiopia,2023,2346,579,1
Ethiopia,2024,4072,866,1
France,1989,0,0,0
France,1990,0,0,0
France,1991,0,0,0
France,1992,0,1,0
France,1993,0,0,0
France,1994,0,0,0
France,1995,8,1,0
France,1996,0,1,0
France,1997,0,0,0
France,1998,0,0,0
France,1999,0,0,0
France,2000,0,0,0
France,2001,0,0,0
France,2002,0,0,0
France,2003,0,0,0
France,2004,0,0,0
France,2005,0,0,0
France,2006,0,0,0
France,2007,2,1,0
France,2008,0,0,0
France,2009,0,0,0
France,2010,0,0,0
France,2011,0,0,0
France,2012,4,1,0
France,2013,0,0,0
France,2014,0,0,0
France,2015,133,2,1
France,2016,87,2,1
France,2017,2,1,0
France,2018,13,8,0
France,2019,0,0,0
France,2020,0,0,0
France,2021,0,0,0
France,2022,0,0,0
France,2023,48,42,1
France,2024,3,3,0
Gambia,1989,0,0,0
Gambia,1990,0,0,0
Gambia,1991,0,0,0
Gambia,1992,0,0,0
Gambia,1993,0,0,0
Gambia,1994,0,0,0
Gambia,1995,0,0,0
Gambia,1996,0,1,0
Gambia,1997,0,0,0
Gambia,1998,0,0,0
Gambia,1999,0,0,0
Gambia,2000,0,0,0
Gambia,2001,0,0,0
Gambia,2002,0,0,0
Gambia,2003,0,0,0
Gambia,2004,1,1,0
Gambia,2005,8,2,0
Gambia,2006,0,0,0
Gambia,2007,0,0,0
Gambia,2008,0,0,0
Gambia,2009,0,0,0
Gambia,2010,0,0,0
Gambia,2011,0,0,0
Gambia,2012,1,1,0
Gambia,2013,0,0,0
Gambia,2014,0,0,0
Gambia,2015,0,0,0
Gambia,2016,0,0,0
Gambia,2017,0,0,0
Gambia,2018,0,0,0
Gambia,2019,0,0,0
Gambia,2020,0,0,0
Gambia,2021,0,0,0
Gambia,2022,0,0,0
Gambia,2023,0,0,0
Gambia,2024,1,1,0
Georgia,1989,0,0,0
Georgia,1990,0,0,0
Georgia,1991,52,6,1
Georgia,1992,775,96,1
Georgia,1993,1837,113,1
Georgia,1994,0,0,0
Georgia,1995,52,3,1
Georgia,1996,0,0,0
Georgia,1997,26,5,1
Georgia,1998,38,3,1
Georgia,1999,0,0,0
Georgia,2000,0,0,0
Georgia,2001,0,0,0
Georgia,2002,0,2,0
Georgia,2003,0,0,0
Georgia,2004,27,13,1
Georgia,2005,0,0,0
Georgia,2006,0,0,0
Georgia,2007,0,0,0
Georgia,2008,621,12,1
Georgia,2009,0,0,0
Georgia,2010,3,4,0
Georgia,2011,0,1,0
Georgia,2012,0,0,0
Georgia,2013,0,0,0
Georgia,2014,0,0,0
Georgia,2015,0,0,0
Georgia,2016,0,0,0
Georgia,2017,0,0,0
Georgia,2018,0,0,0
Georgia,2019,0,0,0
Georgia,2020,0,0,0
Georgia,2021,0,0,0
Georgia,2022,0,0,0
Georgia,2023,1,1,0
Georgia,2024,0,0,0
Germany,1989,3,2,0
Germany,1990,1,1,0
Germany,1991,0,0,0
Germany,1992,4,1,0
Germany,1993,0,0,0
Germany,1994,0,0,0
Germany,1995,0,0,0
Germany,1996,0,0,0
Germany,1997,0,0,0
Germany,1998,0,0,0
Germany,1999,0,0,0
Germany,2000,0,0,0
Germany,2001,0,0,0
Germany,2002,0,0,0
Germany,2003,0,0,0
Germany,2004,0,0,0
Germany,2005,0,0,0
Germany,2006,0,0,0
Germany,2007,0,0,0
Germany,2008,0,0,0
Germany,2009,0,0,0
Germany,2010,0,0,0
Germany,2011,0,0,0
Germany,2012,0,0,0
Germany,2013,0,0,0
Germany,2014,0,0,0
Germany,2015,0,0,0
Germany,2016,12,1,0
Germany,2017,0,0,0
Germany,2018,0,0,0
Germany,2019,0,0,0
Germany,2020,0,0,0
Germany,2021,0,0,0
Germany,2022,0,0,0
Germany,2023,0,0,0
Germany,2024,3,1,0
Ghana,1989,0,0,0
Ghana,1990,0,0,0
Ghana,1991,30,2,1
Ghana,1992,63,2,1
Ghana,1993,2,1,0
Ghana,1994,2004,9,1
Ghana,1995,155,8,1
Ghana,1996,0,0,0
Ghana,1997,0,0,0
Ghana,1998,0,0,0
Ghana,1999,0,0,0
Ghana,2000,30,1,1
Ghana,2001,50,1,1
Ghana,2002,36,1,1
Ghana,2003,0,0,0
Ghana,2004,0,0,0
Ghana,2005,0,0,0
Ghana,2006,0,0,0
Ghana,2007,0,0,0
Ghana,2008,55,10,1
Ghana,2009,8,2,0
Ghana,2010,1,1,0
Ghana,2011,0,0,0
Ghana,2012,0,0,0
Ghana,2013,0,0,0
Ghana,2014,0,0,0
Ghana,2015,0,0,0
Ghana,2016,0,0,0
Ghana,2017,0,0,0
Ghana,2018,0,0,0
Ghana,2019,0,0,0
Ghana,2020,0,0,0
Ghana,2021,0,0,0
Ghana,2022,16,5,0
Ghana,2023,15,9,0
Ghana,2024,7,3,0
Guatemala,1989,491,78,1
Guatemala,1990,681,110,1
Guatemala,1991,426,74,1
Guatemala,1992,393,64,1
Guatemala,1993,218,51,1
Guatemala,1994,287,38,1
Guatemala,1995,122,27,1
Guatemala,1996,20,11,0
Guatemala,1997,2,1,0
Guatemala,1998,1,1,0
Guatemala,1999,0,0,0
Guatemala,2000,0,1,0
Guatemala,2001,5,1,0
Guatemala,2002,2,2,0
Guatemala,2003,0,0,0
Guatemala,2004,1,2,0
Guatemala,2005,58,5,1
Guatemala,2006,0,0,0
Guatemala,2007,6,2,0
Guatemala,2008,41,5,1
Guatemala,2009,1,1,0
Guatemala,2010,0,0,0
Guatemala,2011,36,4,1
Guatemala,2012,0,0,0
Guatemala,2013,0,0,0
Guatemala,2014,0,0,0
Guatemala,2015,24,4,0
Guatemala,2016,2,1,0
Guatemala,2017,0,0,0
Guatemala,2018,0,0,0
Guatemala,2019,0,0,0
Guatemala,2020,0,0,0
Guatemala,2021,1,1,0
Guatemala,2022,13,3,0
Guatemala,2023,10,2,0
Guatemala,2024,29,17,1
Guinea,1989,0,0,0
Guinea,1990,0,0,0
Guinea,1991,0,0,0
Guinea,1992,0,0,0
Guinea,1993,0,0,0
Guinea,1994,0,1,0
Guinea,1995,0,0,0
Guinea,1996,27,1,1
Guinea,1997,0,0,0
Guinea,1998,12,3,0
Guinea,1999,13,2,0
Guinea,2000,256,26,1
Guinea,2001,430,4,1
Guinea,2002,0,0,0
Guinea,2003,0,0,0
Guinea,2004,0,0,0
Guinea,2005,3,1,0
Guinea,2006,15,6,0
Guinea,2007,45,21,1
Guinea,2008,0,0,0
Guinea,2009,160,3,1
Guinea,2010,1,1,0
Guinea,2011,25,1,1
Guinea,2012,9,4,0
Guinea,2013,98,3,1
Guinea,2014,0,0,0
Guinea,2015,3,1,0
Guinea,2016,0,0,0
Guinea,2017,0,0,0
Guinea,2018,0,0,0
Guinea,2019,1,1,0
Guinea,2020,49,3,1
Guinea,2021,1,1,0
Guinea,2022,0,0,0
Guinea,2023,0,0,0
Guinea,2024,0,0,0
Guinea-Bissau,1989,0,0,0
Guinea-Bissau,1990,0,0,0
Guinea-Bissau,1991,0,0,0
Guinea-Bissau,1992,2,1,0
Guinea-Bissau,1993,0,0,0
Guinea-Bissau,1994,0,0,0
Guinea-Bissau,1995,0,0,0
Guinea-Bissau,1996,0,0,0
Guinea-Bissau,1997,0,0,0
Guinea-Bissau,1998,505,16,1
Guinea-Bissau,1999,199,3,1
Guinea-Bissau,2000,0,2,0
Guinea-Bissau,2001,0,0,0
Guinea-Bissau,2002,0,0,0
Guinea-Bissau,2003,0,0,0
Guinea-Bissau,2004,0,0,0
Guinea-Bissau,2005,0,0,0
Guinea-Bissau,2006,0,0,0
Guinea-Bissau,2007,0,0,0
Guinea-Bissau,2008,0,0,0
Guinea-Bissau,2009,0,0,0
Guinea-Bissau,2010,0,0,0
Guinea-Bissau,2011,0,0,0
Guinea-Bissau,2012,0,0,0
Guinea-Bissau,2013,0,0,0
Guinea-Bissau,2014,0,0,0
Guinea-Bissau,2015,0,0,0
Guinea-Bissau,2016,0,0,0
Guinea-Bissau,2017,0,0,0
Guinea-Bissau,2018,0,0,0
Guinea-Bissau,2019,0,0,0
Guinea-Bissau,2020,0,0,0
Guinea-Bissau,2021,0,0,0
Guinea-Bissau,2022,0,0,0
Guinea-Bissau,2023,0,0,0
Guinea-Bissau,2024,0,0,0
Guyana,1989,0,0,0
Guyana,1990,0,0,0
Guyana,1991,0,0,0
Guyana,1992,0,0,0
Guyana,1993,0,0,0
Guyana,1994,0,0,0
Guyana,1995,0,0,0
Guyana,1996,0,0,0
Guyana,1997,0,0,0
Guyana,1998,0,0,0
Guyana,1999,0,0,0
Guyana,2000,0,0,0
Guyana,2001,0,0,0
Guyana,2002,0,0,0
Guyana,2003,0,0,0
Guyana,2004,0,0,0
Guyana,2005,0,0,0
Guyana,2006,0,0,0
Guyana,2007,0,0,0
Guyana,2008,29,3,1
Guyana,2009,0,0,0
Guyana,2010,0,0,0
Guyana,2011,0,0,0
Guyana,2012,0,0,0
Guyana,2013,0,0,0
Guyana,2014,0,0,0
Guyana,2015,0,0,0
Guyana,2016,0,0,0
Guyana,2017,0,0,0
Guyana,2018,0,0,0
Guyana,2019,0,0,0
Guyana,2020,0,0,0
Guyana,2021,0,0,0
Guyana,2022,0,0,0
Guyana,2023,0,0,0
Guyana,2024,0,0,0
Haiti,1989,48,4,1
Haiti,1990,2,2,0
Haiti,1991,270,8,1
Haiti,1992,0,0,0
Haiti,1993,37,3,1
Haiti,1994,44,4,1
Haiti,1995,1,1,0
Haiti,1996,0,0,0
Haiti,1997,0,0,0
Haiti,1998,0,0,0
Haiti,1999,11,2,0
Haiti,2000,0,0,0
Haiti,2001,0,0,0
Haiti,2002,0,0,0
Haiti,2003,0,0,0
Haiti,2004,231,22,1
Haiti,2005,40,7,1
Haiti,2006,0,0,0
Haiti,2007,0,0,0
Haiti,2008,0,0,0
Haiti,2009,0,0,0
Haiti,2010,0,0,0
Haiti,2011,0,0,0
Haiti,2012,0,0,0
Haiti,2013,0,0,0
Haiti,2014,0,0,0
Haiti,2015,0,0,0
Haiti,2016,0,0,0
Haiti,2017,8,1,0
Haiti,2018,71,1,1
Haiti,2019,1,1,0
Haiti,2020,166,48,1
Haiti,2021,140,25,1
Haiti,2022,236,65,1
Haiti,2023,454,49,1
Haiti,2024,1294,116,1
Honduras,1989,0,0,0
Honduras,1990,0,0,0
Honduras,1991,0,0,0
Honduras,1992,0,0,0
Honduras,1993,0,0,0
Honduras,1994,0,0,0
Honduras,1995,0,0,0
Honduras,1996,0,0,0
Honduras,1997,0,0,0
Honduras,1998,0,0,0
Honduras,1999,9,1,0
Honduras,2000,6,1,0
Honduras,2001,0,0,0
Honduras,2002,1,1,0
Honduras,2003,40,7,1
Honduras,2004,30,4,1
Honduras,2005,0,0,0
Honduras,2006,0,0,0
Honduras,2007,0,0,0
Honduras,2008,0,0,0
Honduras,2009,0,0,0
Honduras,2010,44,5,1
Honduras,2011,0,0,0
Honduras,2012,18,4,0
Honduras,2013,6,2,0
Honduras,2014,21,3,0
Honduras,2015,71,13,1
Honduras,2016,10,2,0
Honduras,2017,0,0,0
Honduras,2018,2,2,0
Honduras,2019,40,3,1
Honduras,2020,1,1,0
Honduras,2021,10,4,0
Honduras,2022,6,3,0
Honduras,2023,105,27,1
Honduras,2024,5,13,0
India,1989,1852,119,1
India,1990,4801,333,1
India,1991,3724,221,1
India,1992,4163,240,1
India,1993,2326,331,1
India,1994,1435,244,1
India,1995,1079,226,1
India,1996,1333,177,1
India,1997,1448,277,1
India,1998,1623,386,1
India,1999,2563,544,1
India,2000,4103,1534,1
India,2001,1931,555,1
India,2002,3031,1083,1
India,2003,2442,919,1
India,2004,2527,997,1
India,2005,2015,910,1
India,2006,2155,932,1
India,2007,1775,727,1
India,2008,1863,680,1
India,2009,1621,843,1
India,2010,1633,780,1
India,2011,798,408,1
India,2012,801,428,1
India,2013,702,346,1
India,2014,734,400,1
India,2015,622,321,1
India,2016,762,419,1
India,2017,847,400,1
India,2018,952,480,1
India,2019,734,354,1
India,2020,754,389,1
India,2021,521,277,1
India,2022,393,266,1
India,2023,406,217,1
India,2024,552,234,1
Indonesia,1989,7,5,0
Indonesia,1990,200,46,1
Indonesia,1991,429,38,1
Indonesia,1992,53,14,1
Indonesia,1993,27,8,1
Indonesia,1994,12,9,0
Indonesia,1995,63,21,1
Indonesia,1996,36,18,1
Indonesia,1997,441,37,1
Indonesia,1998,141,30,1
Indonesia,1999,2421,338,1
Indonesia,2000,917,157,1
Indonesia,2001,884,107,1
Indonesia,2002,762,265,1
Indonesia,2003,1069,227,1
Indonesia,2004,1082,359,1
Indonesia,2005,242,33,1
Indonesia,2006,13,3,0
Indonesia,2007,2,1,0
Indonesia,2008,6,3,0
Indonesia,2009,0,0,0
Indonesia,2010,0,0,0
Indonesia,2011,9,4,0
Indonesia,2012,1,1,0
Indonesia,2013,20,6,0
Indonesia,2014,12,4,0
Indonesia,2015,4,3,0
Indonesia,2016,0,0,0
Indonesia,2017,2,3,0
Indonesia,2018,37,11,1
Indonesia,2019,41,22,1
Indonesia,2020,35,24,1
Indonesia,2021,68,42,1
Indonesia,2022,64,33,1
Indonesia,2023,94,39,1
Indonesia,2024,77,61,1
Iran,1989,0,0,0
Iran,1990,31,14,1
Iran,1991,44,3,1
Iran,1992,4,2,0
Iran,1993,153,17,1
Iran,1994,16,2,0
Iran,1995,17,3,0
Iran,1996,34,4,1
Iran,1997,37,13,1
Iran,1998,13,5,0
Iran,1999,19,6,0
Iran,2000,41,21,1
Iran,2001,112,14,1
Iran,2002,0,0,0
Iran,2003,2,1,0
Iran,2004,0,0,0
Iran,2005,54,15,1
Iran,2006,61,21,1
Iran,2007,86,21,1
Iran,2008,118,20,1
Iran,2009,208,32,1
Iran,2010,101,12,1
Iran,2011,220,14,1
Iran,2012,17,5,0
Iran,2013,11,4,0
Iran,2014,5,2,0
Iran,2015,25,8,1
Iran,2016,69,25,1
Iran,2017,58,12,1
Iran,2018,92,18,1
Iran,2019,313,89,1
Iran,2020,246,26,1
Iran,2021,82,34,1
Iran,2022,251,158,1
Iran,2023,43,13,1
Iran,2024,222,33,1
Iraq,1989,50,2,1
Iraq,1990,117,6,1
Iraq,1991,24501,101,1
Iraq,1992,846,53,1
Iraq,1993,368,41,1
Iraq,1994,995,38,1
Iraq,1995,1537,86,1
Iraq,1996,832,66,1
Iraq,1997,1628,71,1
Iraq,1998,96,17,1
Iraq,1999,308,18,1
Iraq,2000,193,11,1
Iraq,2001,56,14,1
Iraq,2002,111,6,1
Iraq,2003,8021,106,1
Iraq,2004,4366,344,1
Iraq,2005,3521,505,1
Iraq,2006,4598,534,1
Iraq,2007,4489,451,1
Iraq,2008,2765,403,1
Iraq,2009,1720,355,1
Iraq,2010,1857,367,1
Iraq,2011,1365,192,1
Iraq,2012,1407,258,1
Iraq,2013,4010,503,1
Iraq,2014,16437,796,1
Iraq,2015,11304,687,1
Iraq,2016,12025,726,1
Iraq,2017,11417,609,1
Iraq,2018,1448,268,1
Iraq,2019,960,281,1
Iraq,2020,945,276,1
Iraq,2021,1014,366,1
Iraq,2022,1027,371,1
Iraq,2023,498,242,1
Iraq,2024,409,268,1
Israel,1989,93,58,1
Israel,1990,43,37,1
Israel,1991,47,37,1
Israel,1992,72,55,1
Israel,1993,88,61,1
Israel,1994,116,52,1
Israel,1995,78,24,1
Israel,1996,132,25,1
Israel,1997,25,5,1
Israel,1998,6,4,0
Israel,1999,2,2,0
Israel,2000,109,60,1
Israel,2001,356,179,1
Israel,2002,892,377,1
Israel,2003,468,152,1
Israel,2004,522,269,1
Israel,2005,214,117,1
Israel,2006,557,271,1
Israel,2007,538,239,1
Israel,2008,738,156,1
Israel,2009,751,153,1
Israel,2010,75,42,1
Israel,2011,102,51,1
Israel,2012,253,144,1
Israel,2013,12,10,0
Israel,2014,2411,919,1
Israel,2015,16,12,0
Israel,2016,11,10,0
Israel,2017,25,8,1
Israel,2018,75,49,1
Israel,2019,83,44,1
Israel,2020,8,5,0
Israel,2021,280,106,1
Israel,2022,98,45,1
Israel,2023,27434,1200,1
Israel,2024,21476,3092,1
Italy,1989,0,0,0
Italy,1990,0,0,0
Italy,1991,0,0,0
Italy,1992,0,0,0
Italy,1993,0,1,0
Italy,1994,0,0,0
Italy,1995,0,0,0
Italy,1996,0,0,0
Italy,1997,0,0,0
Italy,1998,0,0,0
Italy,1999,0,0,0
Italy,2000,0,0,0
Italy,2001,0,0,0
Italy,2002,0,0,0
Italy,2003,0,0,0
Italy,2004,0,0,0
Italy,2005,0,0,0
Italy,2006,0,0,0
Italy,2007,0,0,0
Italy,2008,0,0,0
Italy,2009,0,0,0
Italy,2010,0,0,0
Italy,2011,0,0,0
Italy,2012,0,0,0
Italy,2013,0,0,0
Italy,2014,0,0,0
Italy,2015,0,0,0
Italy,2016,0,0,0
Italy,2017,0,0,0
Italy,2018,0,0,0
Italy,2019,0,0,0
Italy,2020,0,0,0
Italy,2021,0,0,0
Italy,2022,0,0,0
Italy,2023,0,0,0
Italy,2024,0,0,0
Ivory Coast,1989,0,0,0
Ivory Coast,1990,9,2,0
Ivory Coast,1991,0,1,0
Ivory Coast,1992,0,0,0
Ivory Coast,1993,1,1,0
Ivory Coast,1994,4,1,0
Ivory Coast,1995,37,2,1
Ivory Coast,1996,35,4,1
Ivory Coast,1997,0,0,0
Ivory Coast,1998,0,1,0
Ivory Coast,1999,0,2,0
Ivory Coast,2000,132,6,1
Ivory Coast,2001,2,2,0
Ivory Coast,2002,1063,48,1
Ivory Coast,2003,493,40,1
Ivory Coast,2004,304,28,1
Ivory Coast,2005,153,21,1
Ivory Coast,2006,11,7,0
Ivory Coast,2007,3,3,0
Ivory Coast,2008,4,4,0
Ivory Coast,2009,1,1,0
Ivory Coast,2010,80,21,1
Ivory Coast,2011,1256,158,1
Ivory Coast,2012,21,5,0
Ivory Coast,2013,4,2,0
Ivory Coast,2014,0,0,0
Ivory Coast,2015,0,0,0
Ivory Coast,2016,49,2,1
Ivory Coast,2017,0,0,0
Ivory Coast,2018,0,0,0
Ivory Coast,2019,0,0,0
Ivory Coast,2020,3,1,0
Ivory Coast,2021,0,0,0
Ivory Coast,2022,0,0,0
Ivory Coast,2023,0,0,0
Ivory Coast,2024,0,0,0
Jamaica,1989,1,1,0
Jamaica,1990,0,0,0
Jamaica,1991,0,0,0
Jamaica,1992,0,0,0
Jamaica,1993,0,0,0
Jamaica,1994,5,1,0
Jamaica,1995,0,0,0
Jamaica,1996,0,0,0
Jamaica,1997,0,0,0
Jamaica,1998,0,0,0
Jamaica,1999,0,0,0
Jamaica,2000,0,0,0
Jamaica,2001,116,20,1
Jamaica,2002,22,7,0
Jamaica,2003,0,0,0
Jamaica,2004,0,0,0
Jamaica,2005,0,0,0
Jamaica,2006,0,0,0
Jamaica,2007,0,0,0
Jamaica,2008,0,0,0
Jamaica,2009,0,0,0
Jamaica,2010,0,0,0
Jamaica,2011,0,0,0
Jamaica,2012,0,0,0
Jamaica,2013,0,0,0
Jamaica,2014,0,0,0
Jamaica,2015,0,0,0
Jamaica,2016,0,0,0
Jamaica,2017,0,0,0
Jamaica,2018,0,0,0
Jamaica,2019,0,0,0
Jamaica,2020,0,0,0
Jamaica,2021,0,0,0
Jamaica,2022,0,0,0
Jamaica,2023,0,0,0
Jamaica,2024,0,0,0
Jordan,1989,0,0,0
Jordan,1990,0,0,0
Jordan,1991,0,0,0
Jordan,1992,1,1,0
Jordan,1993,0,0,0
Jordan,1994,0,0,0
Jordan,1995,0,0,0
Jordan,1996,0,0,0
Jordan,1997,0,0,0
Jordan,1998,0,0,0
Jordan,1999,0,0,0
Jordan,2000,0,0,0
Jordan,2001,0,0,0
Jordan,2002,0,0,0
Jordan,2003,0,0,0
Jordan,2004,0,0,0
Jordan,2005,59,1,1
Jordan,2006,0,0,0
Jordan,2007,0,0,0
Jordan,2008,0,0,0
Jordan,2009,0,0,0
Jordan,2010,0,0,0
Jordan,2011,0,0,0
Jordan,2012,0,0,0
Jordan,2013,0,0,0
Jordan,2014,0,0,0
Jordan,2015,1,1,0
Jordan,2016,37,5,1
Jordan,2017,0,0,0
Jordan,2018,0,0,0
Jordan,2019,0,0,0
Jordan,2020,0,0,0
Jordan,2021,0,0,0
Jordan,2022,0,0,0
Jordan,2023,0,0,0
Jordan,2024,3,1,0
Kenya,1989,63,3,1
Kenya,1990,7,1,0
Kenya,1991,17,2,0
Kenya,1992,159,26,1
Kenya,1993,287,18,1
Kenya,1994,34,13,1
Kenya,1995,60,4,1
Kenya,1996,170,9,1
Kenya,1997,212,11,1
Kenya,1998,322,15,1
Kenya,1999,229,8,1
Kenya,2000,261,18,1
Kenya,2001,192,18,1
Kenya,2002,45,5,1
Kenya,2003,7,2,0
Kenya,2004,20,4,0
Kenya,2005,215,29,1
Kenya,2006,219,22,1
Kenya,2007,200,52,1
Kenya,2008,783,117,1
Kenya,2009,170,25,1
Kenya,2010,87,28,1
Kenya,2011,144,26,1
Kenya,2012,309,71,1
Kenya,2013,267,49,1
Kenya,2014,344,85,1
Kenya,2015,389,42,1
Kenya,2016,130,48,1
Kenya,2017,228,107,1
Kenya,2018,164,69,1
Kenya,2019,188,51,1
Kenya,2020,151,65,1
Kenya,2021,135,54,1
Kenya,2022,101,31,1
Kenya,2023,224,57,1
Kenya,2024,112,30,1
Kingdom of eSwatini (Swaziland),1989,2,2,0
Kingdom of eSwatini (Swaziland),1990,0,0,0
Kingdom of eSwatini (Swaziland),1991,0,0,0
Kingdom of eSwatini (Swaziland),1992,0,0,0
Kingdom of eSwatini (Swaziland),1993,0,0,0
Kingdom of eSwatini (Swaziland),1994,0,0,0
Kingdom of eSwatini (Swaziland),1995,0,0,0
Kingdom of eSwatini (Swaziland),1996,0,0,0
Kingdom of eSwatini (Swaziland),1997,0,0,0
Kingdom of eSwatini (Swaziland),1998,0,0,0
Kingdom of eSwatini (Swaziland),1999,0,0,0
Kingdom of eSwatini (Swaziland),2000,0,0,0
Kingdom of eSwatini (Swaziland),2001,0,0,0
Kingdom of eSwatini (Swaziland),2002,0,0,0
Kingdom of eSwatini (Swaziland),2003,0,0,0
Kingdom of eSwatini (Swaziland),2004,0,0,0
Kingdom of eSwatini (Swaziland),2005,0,0,0
Kingdom of eSwatini (Swaziland),2006,0,0,0
Kingdom of eSwatini (Swaziland),2007,0,0,0
Kingdom of eSwatini (Swaziland),2008,0,0,0
Kingdom of eSwatini (Swaziland),2009,0,0,0
Kingdom of eSwatini (Swaziland),2010,0,0,0
Kingdom of eSwatini (Swaziland),2011,0,0,0
Kingdom of eSwatini (Swaziland),2012,0,0,0
Kingdom of eSwatini (Swaziland),2013,0,0,0
Kingdom of eSwatini (Swaziland),2014,0,0,0
Kingdom of eSwatini (Swaziland),2015,0,0,0
Kingdom of eSwatini (Swaziland),2016,0,0,0
Kingdom of eSwatini (Swaziland),2017,0,0,0
Kingdom of eSwatini (Swaziland),2018,0,0,0
Kingdom of eSwatini (Swaziland),2019,1,3,0
Kingdom of eSwatini (Swaziland),2020,2,2,0
Kingdom of eSwatini (Swaziland),2021,48,11,1
Kingdom of eSwatini (Swaziland),2022,2,2,0
Kingdom of eSwatini (Swaziland),2023,3,2,0
Kingdom of eSwatini (Swaziland),2024,0,0,0
Kuwait,1989,0,0,0
Kuwait,1990,1329,19,1
Kuwait,1991,460,19,1
Kuwait,1992,0,0,0
Kuwait,1993,0,0,0
Kuwait,1994,0,0,0
Kuwait,1995,0,0,0
Kuwait,1996,1,1,0
Kuwait,1997,0,0,0
Kuwait,1998,0,0,0
Kuwait,1999,0,0,0
Kuwait,2000,0,0,0
Kuwait,2001,0,0,0
Kuwait,2002,0,0,0
Kuwait,2003,0,0,0
Kuwait,2004,0,0,0
Kuwait,2005,0,0,0
Kuwait,2006,0,0,0
Kuwait,2007,0,0,0
Kuwait,2008,0,0,0
Kuwait,2009,0,0,0
Kuwait,2010,0,0,0
Kuwait,2011,0,0,0
Kuwait,2012,0,0,0
Kuwait,2013,0,0,0
Kuwait,2014,0,0,0
Kuwait,2015,26,1,1
Kuwait,2016,0,0,0
Kuwait,2017,0,0,0
Kuwait,2018,0,0,0
Kuwait,2019,0,0,0
Kuwait,2020,0,0,0
Kuwait,2021,0,0,0
Kuwait,2022,0,0,0
Kuwait,2023,0,0,0
Kuwait,2024,0,0,0
Kyrgyzstan,1989,0,0,0
Kyrgyzstan,1990,0,0,0
Kyrgyzstan,1991,0,0,0
Kyrgyzstan,1992,0,0,0
Kyrgyzstan,1993,0,0,0
Kyrgyzstan,1994,0,0,0
Kyrgyzstan,1995,0,0,0
Kyrgyzstan,1996,0,0,0
Kyrgyzstan,1997,0,0,0
Kyrgyzstan,1998,0,0,0
Kyrgyzstan,1999,14,2,0
Kyrgyzstan,2000,174,17,1
Kyrgyzstan,2001,0,0,0
Kyrgyzstan,2002,0,0,0
Kyrgyzstan,2003,0,0,0
Kyrgyzstan,2004,0,0,0
Kyrgyzstan,2005,0,0,0
Kyrgyzstan,2006,6,3,0
Kyrgyzstan,2007,0,0,0
Kyrgyzstan,2008,0,0,0
Kyrgyzstan,2009,0,0,0
Kyrgyzstan,2010,44,25,1
Kyrgyzstan,2011,0,0,0
Kyrgyzstan,2012,0,0,0
Kyrgyzstan,2013,0,0,0
Kyrgyzstan,2014,0,0,0
Kyrgyzstan,2015,1,1,0
Kyrgyzstan,2016,0,0,0
Kyrgyzstan,2017,0,0,0
Kyrgyzstan,2018,0,0,0
Kyrgyzstan,2019,0,0,0
Kyrgyzstan,2020,0,0,0
Kyrgyzstan,2021,40,3,1
Kyrgyzstan,2022,68,32,1
Kyrgyzstan,2023,0,0,0
Kyrgyzstan,2024,0,0,0
Laos,1989,30,1,1
Laos,1990,255,6,1
Laos,1991,0,0,0
Laos,1992,0,0,0
Laos,1993,3,1,0
Laos,1994,0,0,0
Laos,1995,0,0,0
Laos,1996,0,0,0
Laos,1997,2,1,0
Laos,1998,0,0,0
Laos,1999,2,1,0
Laos,2000,7,2,0
Laos,2001,0,0,0
Laos,2002,4,2,0
Laos,2003,5,3,0
Laos,2004,4,3,0
Laos,2005,0,0,0
Laos,2006,73,4,1
Laos,2007,0,0,0
Laos,2008,0,0,0
Laos,2009,0,0,0
Laos,2010,0,0,0
Laos,2011,0,0,0
Laos,2012,0,0,0
Laos,2013,0,0,0
Laos,2014,0,0,0
Laos,2015,0,0,0
Laos,2016,0,0,0
Laos,2017,0,0,0
Laos,2018,0,0,0
Laos,2019,0,0,0
Laos,2020,0,0,0
Laos,2021,0,0,0
Laos,2022,0,0,0
Laos,2023,0,0,0
Laos,2024,0,0,0
Lebanon,1989,1097,210,1
Lebanon,1990,1903,89,1
Lebanon,1991,68,29,1
Lebanon,1992,132,54,1
Lebanon,1993,165,80,1
Lebanon,1994,144,59,1
Lebanon,1995,126,72,1
Lebanon,1996,214,58,1
Lebanon,1997,105,63,1
Lebanon,1998,85,51,1
Lebanon,1999,74,41,1
Lebanon,2000,59,33,1
Lebanon,2001,4,3,0
Lebanon,2002,0,1,0
Lebanon,2003,1,1,0
Lebanon,2004,0,0,0
Lebanon,2005,3,3,0
Lebanon,2006,1194,246,1
Lebanon,2007,0,0,0
Lebanon,2008,38,5,1
Lebanon,2009,0,0,0
Lebanon,2010,0,0,0
Lebanon,2011,4,2,0
Lebanon,2012,53,6,1
Lebanon,2013,179,28,1
Lebanon,2014,231,41,1
Lebanon,2015,200,19,1
Lebanon,2016,56,13,1
Lebanon,2017,297,20,1
Lebanon,2018,2,1,0
Lebanon,2019,0,0,0
Lebanon,2020,20,4,0
Lebanon,2021,0,0,0
Lebanon,2022,0,0,0
Lebanon,2023,123,39,1
Lebanon,2024,4339,1114,1
Lesotho,1989,0,0,0
Lesotho,1990,0,0,0
Lesotho,1991,0,0,0
Lesotho,1992,0,0,0
Lesotho,1993,0,0,0
Lesotho,1994,0,0,0
Lesotho,1995,0,0,0
Lesotho,1996,0,0,0
Lesotho,1997,0,0,0
Lesotho,1998,78,5,1
Lesotho,1999,0,0,0
Lesotho,2000,0,0,0
Lesotho,2001,0,0,0
Lesotho,2002,0,0,0
Lesotho,2003,0,0,0
Lesotho,2004,0,0,0
Lesotho,2005,0,0,0
Lesotho,2006,0,0,0
Lesotho,2007,0,0,0
Lesotho,2008,0,0,0
Lesotho,2009,0,0,0
Lesotho,2010,0,0,0
Lesotho,2011,0,0,0
Lesotho,2012,0,0,0
Lesotho,2013,0,0,0
Lesotho,2014,0,0,0
Lesotho,2015,0,0,0
Lesotho,2016,0,0,0
Lesotho,2017,0,0,0
Lesotho,2018,0,0,0
Lesotho,2019,0,0,0
Lesotho,2020,0,0,0
Lesotho,2021,0,0,0
Lesotho,2022,0,0,0
Lesotho,2023,0,0,0
Lesotho,2024,0,0,0
Liberia,1989,45,6,1
Liberia,1990,3729,138,1
Liberia,1991,578,19,1
Liberia,1992,453,26,1
Liberia,1993,2673,47,1
Liberia,1994,4167,92,1
Liberia,1995,2290,52,1
Liberia,1996,3077,31,1
Liberia,1997,13,3,0
Liberia,1998,13,1,0
Liberia,1999,70,3,1
Liberia,2000,101,5,1
Liberia,2001,481,28,1
Liberia,2002,2259,43,1
Liberia,2003,3281,53,1
Liberia,2004,0,0,0
Liberia,2005,0,0,0
Liberia,2006,0,0,0
Liberia,2007,0,0,0
Liberia,2008,0,0,0
Liberia,2009,0,0,0
Liberia,2010,0,0,0
Liberia,2011,0,0,0
Liberia,2012,0,0,0
Liberia,2013,0,0,0
Liberia,2014,0,0,0
Liberia,2015,0,0,0
Liberia,2016,0,0,0
Liberia,2017,0,0,0
Liberia,2018,0,0,0
Liberia,2019,1,1,0
Liberia,2020,2,2,0
Liberia,2021,0,0,0
Liberia,2022,0,0,0
Liberia,2023,0,0,0
Liberia,2024,1,1,0
Libya,1989,0,0,0
Libya,1990,0,0,0
Libya,1991,0,0,0
Libya,1992,0,0,0
Libya,1993,0,0,0
Libya,1994,0,0,0
Libya,1995,0,0,0
Libya,1996,0,0,0
Libya,1997,0,0,0
Libya,1998,0,0,0
Libya,1999,0,0,0
Libya,2000,0,0,0
Libya,2001,0,0,0
Libya,2002,0,0,0
Libya,2003,0,0,0
Libya,2004,0,0,0
Libya,2005,0,0,0
Libya,2006,0,0,0
Libya,2007,0,0,0
Libya,2008,6,1,0
Libya,2009,0,0,0
Libya,2010,0,0,0
Libya,2011,3914,235,1
Libya,2012,378,19,1
Libya,2013,36,18,1
Libya,2014,1455,109,1
Libya,2015,1594,161,1
Libya,2016,2349,184,1
Libya,2017,1096,80,1
Libya,2018,670,123,1
Libya,2019,1786,186,1
Libya,2020,690,131,1
Libya,2021,12,7,0
Libya,2022,13,7,0
Libya,2023,2,1,0
Libya,2024,2,1,0
Madagascar (Malagasy),1989,0,0,0
Madagascar (Malagasy),1990,0,0,0
Madagascar (Malagasy),1991,0,0,0
Madagascar (Malagasy),1992,0,0,0
Madagascar (Malagasy),1993,0,0,0
Madagascar (Malagasy),1994,0,0,0
Madagascar (Malagasy),1995,0,0,0
Madagascar (Malagasy),1996,0,0,0
Madagascar (Malagasy),1997,0,0,0
Madagascar (Malagasy),1998,0,0,0
Madagascar (Malagasy),1999,0,0,0
Madagascar (Malagasy),2000,0,0,0
Madagascar (Malagasy),2001,0,0,0
Madagascar (Malagasy),2002,79,32,1
Madagascar (Malagasy),2003,0,0,0
Madagascar (Malagasy),2004,0,0,0
Madagascar (Malagasy),2005,0,0,0
Madagascar (Malagasy),2006,0,0,0
Madagascar (Malagasy),2007,0,0,0
Madagascar (Malagasy),2008,0,0,0
Madagascar (Malagasy),2009,113,7,1
Madagascar (Malagasy),2010,0,0,0
Madagascar (Malagasy),2011,0,0,0
Madagascar (Malagasy),2012,15,3,0
Madagascar (Malagasy),2013,0,0,0
Madagascar (Malagasy),2014,0,0,0
Madagascar (Malagasy),2015,0,0,0
Madagascar (Malagasy),2016,0,0,0
Madagascar (Malagasy),2017,1,1,0
Madagascar (Malagasy),2018,0,0,0
Madagascar (Malagasy),2019,3,3,0
Madagascar (Malagasy),2020,23,1,0
Madagascar (Malagasy),2021,0,0,0
Madagascar (Malagasy),2022,0,0,0
Madagascar (Malagasy),2023,0,0,0
Madagascar (Malagasy),2024,0,0,0
Malaysia,1989,0,0,0
Malaysia,1990,0,0,0
Malaysia,1991,0,0,0
Malaysia,1992,0,0,0
Malaysia,1993,0,0,0
Malaysia,1994,0,0,0
Malaysia,1995,0,0,0
Malaysia,1996,0,0,0
Malaysia,1997,0,0,0
Malaysia,1998,0,0,0
Malaysia,1999,0,0,0
Malaysia,2000,0,0,0
Malaysia,2001,0,0,0
Malaysia,2002,0,0,0
Malaysia,2003,0,0,0
Malaysia,2004,0,0,0
Malaysia,2005,0,0,0
Malaysia,2006,0,0,0
Malaysia,2007,0,0,0
Malaysia,2008,0,0,0
Malaysia,2009,0,0,0
Malaysia,2010,0,0,0
Malaysia,2011,0,0,0
Malaysia,2012,0,0,0
Malaysia,2013,70,14,1
Malaysia,2014,0,0,0
Malaysia,2015,0,0,0
Malaysia,2016,0,0,0
Malaysia,2017,1,1,0
Malaysia,2018,0,0,0
Malaysia,2019,0,0,0
Malaysia,2020,0,0,0
Malaysia,2021,0,0,0
Malaysia,2022,0,0,0
Malaysia,2023,0,0,0
Malaysia,2024,0,0,0
Mali,1989,0,0,0
Mali,1990,582,15,1
Mali,1991,247,11,1
Mali,1992,86,8,1
Mali,1993,0,1,0
Mali,1994,729,41,1
Mali,1995,4,4,0
Mali,1996,0,0,0
Mali,1997,22,1,0
Mali,1998,0,0,0
Mali,1999,59,4,1
Mali,2000,0,0,0
Mali,2001,0,0,0
Mali,2002,5,1,0
Mali,2003,0,0,0
Mali,2004,20,2,0
Mali,2005,12,1,0
Mali,2006,0,0,0
Mali,2007,39,8,1
Mali,2008,113,10,1
Mali,2009,127,9,1
Mali,2010,28,2,1
Mali,2011,23,4,0
Mali,2012,359,43,1
Mali,2013,881,83,1
Mali,2014,291,30,1
Mali,2015,256,55,1
Mali,2016,198,53,1
Mali,2017,612,127,1
Mali,2018,1281,236,1
Mali,2019,1227,199,1
Mali,2020,1543,234,1
Mali,2021,1287,215,1
Mali,2022,3656,409,1
Mali,2023,2118,320,1
Mali,2024,1901,447,1
Malta,1989,0,0,0
Malta,1990,0,0,0
Malta,1991,0,0,0
Malta,1992,0,0,0
Malta,1993,0,0,0
Malta,1994,0,0,0
Malta,1995,0,1,0
Malta,1996,0,0,0
Malta,1997,0,0,0
Malta,1998,0,0,0
Malta,1999,0,0,0
Malta,2000,0,0,0
Malta,2001,0,0,0
Malta,2002,0,0,0
Malta,2003,0,0,0
Malta,2004,0,0,0
Malta,2005,0,0,0
Malta,2006,0,0,0
Malta,2007,0,0,0
Malta,2008,0,0,0
Malta,2009,0,0,0
Malta,2010,0,0,0
Malta,2011,0,0,0
Malta,2012,0,0,0
Malta,2013,0,0,0
Malta,2014,0,0,0
Malta,2015,0,0,0
Malta,2016,0,0,0
Malta,2017,0,0,0
Malta,2018,0,0,0
Malta,2019,0,0,0
Malta,2020,0,0,0
Malta,2021,0,0,0
Malta,2022,0,0,0
Malta,2023,0,0,0
Malta,2024,0,0,0
Mauritania,1989,128,15,1
Mauritania,1990,29,6,1
Mauritania,1991,0,0,0
Mauritania,1992,0,1,0
Mauritania,1993,0,0,0
Mauritania,1994,0,0,0
Mauritania,1995,0,0,0
Mauritania,1996,0,0,0
Mauritania,1997,0,0,0
Mauritania,1998,0,0,0
Mauritania,1999,0,0,0
Mauritania,2000,0,0,0
Mauritania,2001,0,0,0
Mauritania,2002,0,0,0
Mauritania,2003,0,0,0
Mauritania,2004,0,0,0
Mauritania,2005,0,0,0
Mauritania,2006,0,0,0
Mauritania,2007,4,1,0
Mauritania,2008,12,1,0
Mauritania,2009,1,1,0
Mauritania,2010,1,1,0
Mauritania,2011,13,6,0
Mauritania,2012,1,1,0
Mauritania,2013,0,0,0
Mauritania,2014,0,0,0
Mauritania,2015,0,0,0
Mauritania,2016,0,0,0
Mauritania,2017,0,0,0
Mauritania,2018,0,0,0
Mauritania,2019,1,1,0
Mauritania,2020,0,1,0
Mauritania,2021,0,0,0
Mauritania,2022,0,0,0
Mauritania,2023,6,2,0
Mauritania,2024,3,1,0
Mexico,1989,3,2,0
Mexico,1990,4,3,0
Mexico,1991,0,0,0
Mexico,1992,16,3,0
Mexico,1993,34,3,1
Mexico,1994,153,12,1
Mexico,1995,22,5,0
Mexico,1996,43,15,1
Mexico,1997,58,6,1
Mexico,1998,7,5,0
Mexico,1999,0,0,0
Mexico,2000,0,0,0
Mexico,2001,0,0,0
Mexico,2002,27,3,1
Mexico,2003,0,0,0
Mexico,2004,220,31,1
Mexico,2005,204,12,1
Mexico,2006,670,40,1
Mexico,2007,1946,1409,1
Mexico,2008,3743,384,1
Mexico,2009,5607,605,1
Mexico,2010,6215,2085,1
Mexico,2011,4945,369,1
Mexico,2012,5966,266,1
Mexico,2013,4478,191,1
Mexico,2014,3357,183,1
Mexico,2015,4527,258,1
Mexico,2016,4306,187,1
Mexico,2017,9725,348,1
Mexico,2018,11247,714,1
Mexico,2019,10486,1024,1
Mexico,2020,13431,2033,1
Mexico,2021,15119,3744,1
Mexico,2022,12555,2179,1
Mexico,2023,10899,2748,1
Mexico,2024,11022,2683,1
Moldova,1989,0,0,0
Moldova,1990,0,0,0
Moldova,1991,0,0,0
Moldova,1992,585,77,1
Moldova,1993,0,0,0
Moldova,1994,0,0,0
Moldova,1995,0,0,0
Moldova,1996,0,0,0
Moldova,1997,0,0,0
Moldova,1998,0,0,0
Moldova,1999,0,0,0
Moldova,2000,0,0,0
Moldova,2001,0,0,0
Moldova,2002,0,0,0
Moldova,2003,0,0,0
Moldova,2004,0,0,0
Moldova,2005,0,0,0
Moldova,2006,0,0,0
Moldova,2007,0,0,0
Moldova,2008,0,0,0
Moldova,2009,0,0,0
Moldova,2010,0,0,0
Moldova,2011,0,0,0
Moldova,2012,0,0,0
Moldova,2013,0,0,0
Moldova,2014,0,0,0
Moldova,2015,0,0,0
Moldova,2016,0,0,0
Moldova,2017,0,0,0
Moldova,2018,0,0,0
Moldova,2019,0,0,0
Moldova,2020,0,0,0
Moldova,2021,0,0,0
Moldova,2022,0,0,0
Moldova,2023,0,0,0
Moldova,2024,0,0,0
Morocco,1989,207,6,1
Morocco,1990,0,0,0
Morocco,1991,19,2,0
Morocco,1992,0,0,0
Morocco,1993,0,0,0
Morocco,1994,0,0,0
Morocco,1995,0,0,0
Morocco,1996,0,0,0
Morocco,1997,0,0,0
Morocco,1998,0,0,0
Morocco,1999,0,0,0
Morocco,2000,0,0,0
Morocco,2001,0,0,0
Morocco,2002,0,0,0
Morocco,2003,34,2,1
Morocco,2004,0,0,0
Morocco,2005,0,0,0
Morocco,2006,0,0,0
Morocco,2007,0,0,0
Morocco,2008,0,0,0
Morocco,2009,0,0,0
Morocco,2010,0,0,0
Morocco,2011,17,1,0
Morocco,2012,0,0,0
Morocco,2013,0,0,0
Morocco,2014,0,0,0
Morocco,2015,0,0,0
Morocco,2016,0,0,0
Morocco,2017,0,0,0
Morocco,2018,0,0,0
Morocco,2019,0,0,0
Morocco,2020,2,1,0
Morocco,2021,6,7,0
Morocco,2022,14,4,0
Morocco,2023,5,2,0
Morocco,2024,7,2,0
Mozambique,1989,1552,131,1
Mozambique,1990,1759,44,1
Mozambique,1991,1961,58,1
Mozambique,1992,521,34,1
Mozambique,1993,2,2,0
Mozambique,1994,2,2,0
Mozambique,1995,1,1,0
Mozambique,1996,0,0,0
Mozambique,1997,0,0,0
Mozambique,1998,0,0,0
Mozambique,1999,0,0,0
Mozambique,2000,0,0,0
Mozambique,2001,0,0,0
Mozambique,2002,0,0,0
Mozambique,2003,0,0,0
Mozambique,2004,1,1,0
Mozambique,2005,13,2,0
Mozambique,2006,0,0,0
Mozambique,2007,0,0,0
Mozambique,2008,0,0,0
Mozambique,2009,0,0,0
Mozambique,2010,7,1,0
Mozambique,2011,0,0,0
Mozambique,2012,2,1,0
Mozambique,2013,45,18,1
Mozambique,2014,33,13,1
Mozambique,2015,0,0,0
Mozambique,2016,68,31,1
Mozambique,2017,3,3,0
Mozambique,2018,171,48,1
Mozambique,2019,597,124,1
Mozambique,2020,1627,213,1
Mozambique,2021,1918,235,1
Mozambique,2022,717,268,1
Mozambique,2023,271,100,1
Mozambique,2024,522,185,1
Myanmar (Burma),1989,1534,37,1
Myanmar (Burma),1990,796,32,1
Myanmar (Burma),1991,1375,32,1
Myanmar (Burma),1992,1749,45,1
Myanmar (Burma),1993,145,12,1
Myanmar (Burma),1994,794,83,1
Myanmar (Burma),1995,1496,89,1
Myanmar (Burma),1996,591,79,1
Myanmar (Burma),1997,788,88,1
Myanmar (Burma),1998,581,125,1
Myanmar (Burma),1999,369,129,1
Myanmar (Burma),2000,748,173,1
Myanmar (Burma),2001,387,93,1
Myanmar (Burma),2002,543,100,1
Myanmar (Burma),2003,272,65,1
Myanmar (Burma),2004,177,84,1
Myanmar (Burma),2005,449,81,1
Myanmar (Burma),2006,452,113,1
Myanmar (Burma),2007,704,177,1
Myanmar (Burma),2008,102,65,1
Myanmar (Burma),2009,225,35,1
Myanmar (Burma),2010,185,50,1
Myanmar (Burma),2011,811,265,1
Myanmar (Burma),2012,971,77,1
Myanmar (Burma),2013,358,86,1
Myanmar (Burma),2014,256,35,1
Myanmar (Burma),2015,705,198,1
Myanmar (Burma),2016,183,57,1
Myanmar (Burma),2017,2395,88,1
Myanmar (Burma),2018,122,71,1
Myanmar (Burma),2019,587,148,1
Myanmar (Burma),2020,207,77,1
Myanmar (Burma),2021,1781,857,1
Myanmar (Burma),2022,2761,1549,1
Myanmar (Burma),2023,3065,2085,1
Myanmar (Burma),2024,2896,1096,1
Namibia,1989,0,0,0
Namibia,1990,0,0,0
Namibia,1991,0,0,0
Namibia,1992,0,0,0
Namibia,1993,0,0,0
Namibia,1994,0,1,0
Namibia,1995,0,0,0
Namibia,1996,2,1,0
Namibia,1997,0,0,0
Namibia,1998,0,0,0
Namibia,1999,1,1,0
Namibia,2000,60,15,1
Namibia,2001,0,0,0
Namibia,2002,0,1,0
Namibia,2003,0,0,0
Namibia,2004,0,0,0
Namibia,2005,0,0,0
Namibia,2006,0,0,0
Namibia,2007,0,0,0
Namibia,2008,0,0,0
Namibia,2009,0,0,0
Namibia,2010,0,0,0
Namibia,2011,0,0,0
Namibia,2012,0,0,0
Namibia,2013,0,0,0
Namibia,2014,0,0,0
Namibia,2015,0,0,0
Namibia,2016,0,0,0
Namibia,2017,0,0,0
Namibia,2018,0,0,0
Namibia,2019,0,0,0
Namibia,2020,0,0,0
Namibia,2021,0,0,0
Namibia,2022,0,0,0
Namibia,2023,0,0,0
Namibia,2024,0,0,0
Nepal,1989,0,0,0
Nepal,1990,14,9,0
Nepal,1991,2,1,0
Nepal,1992,0,1,0
Nepal,1993,3,3,0
Nepal,1994,0,1,0
Nepal,1995,0,1,0
Nepal,1996,77,53,1
Nepal,1997,48,37,1
Nepal,1998,357,218,1
Nepal,1999,295,244,1
Nepal,2000,365,186,1
Nepal,2001,569,229,1
Nepal,2002,4432,1531,1
Nepal,2003,1732,885,1
Nepal,2004,2456,1360,1
Nepal,2005,1399,649,1
Nepal,2006,566,215,1
Nepal,2007,31,20,1
Nepal,2008,0,9,0
Nepal,2009,9,2,0
Nepal,2010,0,0,0
Nepal,2011,0,0,0
Nepal,2012,0,0,0
Nepal,2013,0,0,0
Nepal,2014,0,0,0
Nepal,2015,0,0,0
Nepal,2016,0,0,0
Nepal,2017,0,0,0
Nepal,2018,0,0,0
Nepal,2019,0,0,0
Nepal,2020,0,0,0
Nepal,2021,0,0,0
Nepal,2022,1,1,0
Nepal,2023,0,0,0
Nepal,2024,0,0,0
Netherlands,1989,0,0,0
Netherlands,1990,2,1,0
Netherlands,1991,0,0,0
Netherlands,1992,0,0,0
Netherlands,1993,0,0,0
Netherlands,1994,0,0,0
Netherlands,1995,0,0,0
Netherlands,1996,0,0,0
Netherlands,1997,0,0,0
Netherlands,1998,0,0,0
Netherlands,1999,0,0,0
Netherlands,2000,0,0,0
Netherlands,2001,0,0,0
Netherlands,2002,0,0,0
Netherlands,2003,0,0,0
Netherlands,2004,0,0,0
Netherlands,2005,0,0,0
Netherlands,2006,0,0,0
Netherlands,2007,0,0,0
Netherlands,2008,0,0,0
Netherlands,2009,0,0,0
Netherlands,2010,0,0,0
Netherlands,2011,0,0,0
Netherlands,2012,0,0,0
Netherlands,2013,0,0,0
Netherlands,2014,0,0,0
Netherlands,2015,0,1,0
Netherlands,2016,0,0,0
Netherlands,2017,0,0,0
Netherlands,2018,0,0,0
Netherlands,2019,0,0,0
Netherlands,2020,0,0,0
Netherlands,2021,0,0,0
Netherlands,2022,0,0,0
Netherlands,2023,0,0,0
Netherlands,2024,0,0,0
Nicaragua,1989,526,21,1
Nicaragua,1990,39,6,1
Nicaragua,1991,0,0,0
Nicaragua,1992,0,0,0
Nicaragua,1993,0,0,0
Nicaragua,1994,0,0,0
Nicaragua,1995,0,0,0
Nicaragua,1996,0,0,0
Nicaragua,1997,0,0,0
Nicaragua,1998,0,0,0
Nicaragua,1999,0,0,0
Nicaragua,2000,0,0,0
Nicaragua,2001,0,0,0
Nicaragua,2002,0,0,0
Nicaragua,2003,0,0,0
Nicaragua,2004,0,0,0
Nicaragua,2005,0,0,0
Nicaragua,2006,0,0,0
Nicaragua,2007,0,0,0
Nicaragua,2008,0,0,0
Nicaragua,2009,0,0,0
Nicaragua,2010,0,0,0
Nicaragua,2011,0,0,0
Nicaragua,2012,0,0,0
Nicaragua,2013,0,0,0
Nicaragua,2014,0,0,0
Nicaragua,2015,0,0,0
Nicaragua,2016,0,0,0
Nicaragua,2017,0,0,0
Nicaragua,2018,0,0,0
Nicaragua,2019,0,0,0
Nicaragua,2020,0,0,0
Nicaragua,2021,0,0,0
Nicaragua,2022,0,0,0
Nicaragua,2023,0,0,0
Nicaragua,2024,0,0,0
Niger,1989,170,1,1
Niger,1990,200,2,1
Niger,1991,40,9,1
Niger,1992,29,11,1
Niger,1993,6,1,0
Niger,1994,50,11,1
Niger,1995,67,7,1
Niger,1996,14,3,0
Niger,1997,81,8,1
Niger,1998,147,2,1
Niger,1999,0,0,0
Niger,2000,0,0,0
Niger,2001,0,0,0
Niger,2002,0,0,0
Niger,2003,0,0,0
Niger,2004,4,1,0
Niger,2005,0,0,0
Niger,2006,0,0,0
Niger,2007,98,22,1
Niger,2008,68,13,1
Niger,2009,0,0,0
Niger,2010,0,0,0
Niger,2011,0,0,0
Niger,2012,1,1,0
Niger,2013,31,6,1
Niger,2014,5,2,0
Niger,2015,533,43,1
Niger,2016,299,18,1
Niger,2017,248,16,1
Niger,2018,181,25,1
Niger,2019,454,72,1
Niger,2020,820,68,1
Niger,2021,1130,78,1
Niger,2022,664,73,1
Niger,2023,513,97,1
Niger,2024,1222,85,1
Nigeria,1989,0,0,0
Nigeria,1990,89,2,1
Nigeria,1991,380,4,1
Nigeria,1992,943,12,1
Nigeria,1993,1185,8,1
Nigeria,1994,90,16,1
Nigeria,1995,1,1,0
Nigeria,1996,87,5,1
Nigeria,1997,595,20,1
Nigeria,1998,357,31,1
Nigeria,1999,3519,39,1
Nigeria,2000,2104,30,1
Nigeria,2001,2437,41,1
Nigeria,2002,629,45,1
Nigeria,2003,449,63,1
Nigeria,2004,2136,87,1
Nigeria,2005,233,22,1
Nigeria,2006,231,23,1
Nigeria,2007,157,22,1
Nigeria,2008,432,31,1
Nigeria,2009,533,41,1
Nigeria,2010,980,92,1
Nigeria,2011,1831,254,1
Nigeria,2012,2022,409,1
Nigeria,2013,3391,334,1
Nigeria,2014,10346,554,1
Nigeria,2015,9121,505,1
Nigeria,2016,3949,434,1
Nigeria,2017,3589,507,1
Nigeria,2018,3243,535,1
Nigeria,2019,2455,524,1
Nigeria,2020,3079,625,1
Nigeria,2021,3171,515,1
Nigeria,2022,2917,471,1
Nigeria,2023,3971,626,1
Nigeria,2024,3170,490,1
North Macedonia,1989,0,0,0
North Macedonia,1990,0,0,0
North Macedonia,1991,0,0,0
North Macedonia,1992,0,0,0
North Macedonia,1993,0,0,0
North Macedonia,1994,0,0,0
North Macedonia,1995,0,0,0
North Macedonia,1996,0,0,0
North Macedonia,1997,0,0,0
North Macedonia,1998,0,0,0
North Macedonia,1999,6,1,0
North Macedonia,2000,3,1,0
North Macedonia,2001,72,53,1
North Macedonia,2002,0,0,0
North Macedonia,2003,0,0,0
North Macedonia,2004,0,0,0
North Macedonia,2005,0,0,0
North Macedonia,2006,0,0,0
North Macedonia,2007,0,0,0
North Macedonia,2008,0,0,0
North Macedonia,2009,0,0,0
North Macedonia,2010,0,0,0
North Macedonia,2011,0,0,0
North Macedonia,2012,0,0,0
North Macedonia,2013,0,0,0
North Macedonia,2014,0,0,0
North Macedonia,2015,0,0,0
North Macedonia,2016,0,0,0
North Macedonia,2017,0,0,0
North Macedonia,2018,0,0,0
North Macedonia,2019,0,0,0
North Macedonia,2020,0,0,0
North Macedonia,2021,0,0,0
North Macedonia,2022,0,0,0
North Macedonia,2023,0,0,0
North Macedonia,2024,0,0,0
Pakistan,1989,114,20,1
Pakistan,1990,386,44,1
Pakistan,1991,62,10,1
Pakistan,1992,72,5,1
Pakistan,1993,48,7,1
Pakistan,1994,169,38,1
Pakistan,1995,127,23,1
Pakistan,1996,64,21,1
Pakistan,1997,123,29,1
Pakistan,1998,121,39,1
Pakistan,1999,57,12,1
Pakistan,2000,59,27,1
Pakistan,2001,42,9,1
Pakistan,2002,170,70,1
Pakistan,2003,242,79,1
Pakistan,2004,430,62,1
Pakistan,2005,168,48,1
Pakistan,2006,427,46,1
Pakistan,2007,1380,211,1
Pakistan,2008,4621,664,1
Pakistan,2009,7512,884,1
Pakistan,2010,7251,962,1
Pakistan,2011,3475,613,1
Pakistan,2012,3583,651,1
Pakistan,2013,2914,361,1
Pakistan,2014,3639,433,1
Pakistan,2015,2454,285,1
Pakistan,2016,1100,158,1
Pakistan,2017,960,163,1
Pakistan,2018,483,93,1
Pakistan,2019,293,99,1
Pakistan,2020,409,145,1
Pakistan,2021,452,191,1
Pakistan,2022,719,284,1
Pakistan,2023,1178,382,1
Pakistan,2024,1885,687,1
Panama,1989,920,3,1
Panama,1990,0,0,0
Panama,1991,0,0,0
Panama,1992,0,0,0
Panama,1993,0,0,0
Panama,1994,0,0,0
Panama,1995,0,0,0
Panama,1996,0,0,0
Panama,1997,0,0,0
Panama,1998,0,0,0
Panama,1999,0,0,0
Panama,2000,0,0,0
Panama,2001,0,0,0
Panama,2002,0,0,0
Panama,2003,0,0,0
Panama,2004,0,0,0
Panama,2005,0,0,0
Panama,2006,0,0,0
Panama,2007,0,0,0
Panama,2008,0,0,0
Panama,2009,1,1,0
Panama,2010,0,0,0
Panama,2011,0,0,0
Panama,2012,0,0,0
Panama,2013,0,0,0
Panama,2014,0,0,0
Panama,2015,0,0,0
Panama,2016,0,0,0
Panama,2017,0,0,0
Panama,2018,0,0,0
Panama,2019,0,0,0
Panama,2020,0,0,0
Panama,2021,0,0,0
Panama,2022,0,0,0
Panama,2023,0,0,0
Panama,2024,0,0,0
Papua New Guinea,1989,14,6,0
Papua New Guinea,1990,61,15,1
Papua New Guinea,1991,29,3,1
Papua New Guinea,1992,61,16,1
Papua New Guinea,1993,40,14,1
Papua New Guinea,1994,26,6,1
Papua New Guinea,1995,33,11,1
Papua New Guinea,1996,106,26,1
Papua New Guinea,1997,12,4,0
Papua New Guinea,1998,40,2,1
Papua New Guinea,1999,60,2,1
Papua New Guinea,2000,13,2,0
Papua New Guinea,2001,65,6,1
Papua New Guinea,2002,7,3,0
Papua New Guinea,2003,0,0,0
Papua New Guinea,2004,0,0,0
Papua New Guinea,2005,0,0,0
Papua New Guinea,2006,0,0,0
Papua New Guinea,2007,0,0,0
Papua New Guinea,2008,0,0,0
Papua New Guinea,2009,0,0,0
Papua New Guinea,2010,0,0,0
Papua New Guinea,2011,0,0,0
Papua New Guinea,2012,57,4,1
Papua New Guinea,2013,0,0,0
Papua New Guinea,2014,0,0,0
Papua New Guinea,2015,0,0,0
Papua New Guinea,2016,0,0,0
Papua New Guinea,2017,0,0,0
Papua New Guinea,2018,0,0,0
Papua New Guinea,2019,30,3,1
Papua New Guinea,2020,0,0,0
Papua New Guinea,2021,38,4,1
Papua New Guinea,2022,109,16,1
Papua New Guinea,2023,1,1,0
Papua New Guinea,2024,135,8,1
Paraguay,1989,150,1,1
Paraguay,1990,0,0,0
Paraguay,1991,0,0,0
Paraguay,1992,0,0,0
Paraguay,1993,0,0,0
Paraguay,1994,0,0,0
Paraguay,1995,0,0,0
Paraguay,1996,0,0,0
Paraguay,1997,0,0,0
Paraguay,1998,0,0,0
Paraguay,1999,0,0,0
Paraguay,2000,0,0,0
Paraguay,2001,0,0,0
Paraguay,2002,0,0,0
Paraguay,2003,0,0,0
Paraguay,2004,0,0,0
Paraguay,2005,0,0,0
Paraguay,2006,0,0,0
Paraguay,2007,0,0,0
Paraguay,2008,0,0,0
Paraguay,2009,0,0,0
Paraguay,2010,0,0,0
Paraguay,2011,0,0,0
Paraguay,2012,0,0,0
Paraguay,2013,0,0,0
Paraguay,2014,0,0,0
Paraguay,2015,0,0,0
Paraguay,2016,1,1,0
Paraguay,2017,0,0,0
Paraguay,2018,1,1,0
Paraguay,2019,0,0,0
Paraguay,2020,1,1,0
Paraguay,2021,4,1,0
Paraguay,2022,0,0,0
Paraguay,2023,0,0,0
Paraguay,2024,0,0,0
Peru,1989,1945,172,1
Peru,1990,1228,140,1
Peru,1991,1350,122,1
Peru,1992,1195,128,1
Peru,1993,779,72,1
Peru,1994,369,35,1
Peru,1995,274,41,1
Peru,1996,105,25,1
Peru,1997,116,19,1
Peru,1998,33,9,1
Peru,1999,89,16,1
Peru,2000,5,4,0
Peru,2001,21,3,0
Peru,2002,13,6,0
Peru,2003,13,4,0
Peru,2004,3,2,0
Peru,2005,0,1,0
Peru,2006,11,3,0
Peru,2007,32,9,1
Peru,2008,40,13,1
Peru,2009,54,13,1
Peru,2010,29,13,1
Peru,2011,15,11,0
Peru,2012,0,0,0
Peru,2013,3,1,0
Peru,2014,14,8,0
Peru,2015,9,4,0
Peru,2016,11,2,0
Peru,2017,7,2,0
Peru,2018,0,0,0
Peru,2019,2,1,0
Peru,2020,11,3,0
Peru,2021,20,3,0
Peru,2022,14,3,0
Peru,2023,12,2,0
Peru,2024,0,0,0
Philippines,1989,984,136,1
Philippines,1990,1362,128,1
Philippines,1991,1549,113,1
Philippines,1992,445,59,1
Philippines,1993,318,45,1
Philippines,1994,308,40,1
Philippines,1995,188,18,1
Philippines,1996,199,26,1
Philippines,1997,322,40,1
Philippines,1998,138,23,1
Philippines,1999,219,48,1
Philippines,2000,1761,171,1
Philippines,2001,1053,144,1
Philippines,2002,763,211,1
Philippines,2003,1134,152,1
Philippines,2004,471,136,1
Philippines,2005,487,124,1
Philippines,2006,434,131,1
Philippines,2007,483,103,1
Philippines,2008,566,182,1
Philippines,2009,1048,155,1
Philippines,2010,372,119,1
Philippines,2011,414,149,1
Philippines,2012,311,109,1
Philippines,2013,537,139,1
Philippines,2014,484,149,1
Philippines,2015,628,203,1
Philippines,2016,616,168,1
Philippines,2017,1713,267,1
Philippines,2018,436,123,1
Philippines,2019,364,130,1
Philippines,2020,376,158,1
Philippines,2021,310,143,1
Philippines,2022,247,128,1
Philippines,2023,269,117,1
Philippines,2024,204,81,1
Poland,1989,0,0,0
Poland,1990,0,0,0
Poland,1991,0,0,0
Poland,1992,0,0,0
Poland,1993,0,0,0
Poland,1994,0,0,0
Poland,1995,0,0,0
Poland,1996,0,0,0
Poland,1997,0,0,0
Poland,1998,0,0,0
Poland,1999,0,0,0
Poland,2000,0,0,0
Poland,2001,0,0,0
Poland,2002,0,0,0
Poland,2003,0,0,0
Poland,2004,0,0,0
Poland,2005,0,0,0
Poland,2006,0,0,0
Poland,2007,0,0,0
Poland,2008,0,0,0
Poland,2009,0,0,0
Poland,2010,0,0,0
Poland,2011,0,0,0
Poland,2012,0,0,0
Poland,2013,0,0,0
Poland,2014,0,0,0
Poland,2015,0,0,0
Poland,2016,0,0,0
Poland,2017,0,0,0
Poland,2018,0,0,0
Poland,2019,0,0,0
Poland,2020,0,0,0
Poland,2021,0,0,0
Poland,2022,2,1,0
Poland,2023,0,0,0
Poland,2024,0,0,0
Qatar,1989,0,0,0
Qatar,1990,0,0,0
Qatar,1991,0,0,0
Qatar,1992,0,0,0
Qatar,1993,0,0,0
Qatar,1994,0,0,0
Qatar,1995,0,0,0
Qatar,1996,0,0,0
Qatar,1997,0,0,0
Qatar,1998,0,0,0
Qatar,1999,0,0,0
Qatar,2000,0,0,0
Qatar,2001,0,0,0
Qatar,2002,0,0,0
Qatar,2003,0,0,0
Qatar,2004,0,1,0
Qatar,2005,0,0,0
Qatar,2006,0,0,0
Qatar,2007,0,0,0
Qatar,2008,0,0,0
Qatar,2009,0,0,0
Qatar,2010,0,0,0
Qatar,2011,0,0,0
Qatar,2012,0,0,0
Qatar,2013,0,0,0
Qatar,2014,0,0,0
Qatar,2015,0,0,0
Qatar,2016,0,0,0
Qatar,2017,0,0,0
Qatar,2018,0,0,0
Qatar,2019,0,0,0
Qatar,2020,0,0,0
Qatar,2021,0,0,0
Qatar,2022,0,0,0
Qatar,2023,0,0,0
Qatar,2024,0,0,0
Romania,1989,448,16,1
Romania,1990,0,0,0
Romania,1991,0,0,0
Romania,1992,0,0,0
Romania,1993,0,0,0
Romania,1994,0,0,0
Romania,1995,0,0,0
Romania,1996,0,0,0
Romania,1997,0,0,0
Romania,1998,0,0,0
Romania,1999,0,0,0
Romania,2000,0,0,0
Romania,2001,0,0,0
Romania,2002,0,0,0
Romania,2003,0,0,0
Romania,2004,0,0,0
Romania,2005,0,0,0
Romania,2006,0,0,0
Romania,2007,0,0,0
Romania,2008,0,0,0
Romania,2009,0,0,0
Romania,2010,0,0,0
Romania,2011,0,0,0
Romania,2012,0,0,0
Romania,2013,0,0,0
Romania,2014,0,0,0
Romania,2015,0,0,0
Romania,2016,0,0,0
Romania,2017,0,0,0
Romania,2018,0,0,0
Romania,2019,0,0,0
Romania,2020,0,0,0
Romania,2021,0,0,0
Romania,2022,0,0,0
Romania,2023,0,0,0
Romania,2024,0,0,0
Russia (Soviet Union),1989,160,6,1
Russia (Soviet Union),1990,393,28,1
Russia (Soviet Union),1991,340,56,1
Russia (Soviet Union),1992,1,1,0
Russia (Soviet Union),1993,145,12,1
Russia (Soviet Union),1994,485,31,1
Russia (Soviet Union),1995,1910,205,1
Russia (Soviet Union),1996,2764,147,1
Russia (Soviet Union),1997,13,5,0
Russia (Soviet Union),1998,7,3,0
Russia (Soviet Union),1999,6197,68,1
Russia (Soviet Union),2000,4333,176,1
Russia (Soviet Union),2001,992,159,1
Russia (Soviet Union),2002,1508,388,1
Russia (Soviet Union),2003,548,73,1
Russia (Soviet Union),2004,1317,253,1
Russia (Soviet Union),2005,688,247,1
Russia (Soviet Union),2006,260,152,1
Russia (Soviet Union),2007,182,145,1
Russia (Soviet Union),2008,410,192,1
Russia (Soviet Union),2009,698,315,1
Russia (Soviet Union),2010,481,245,1
Russia (Soviet Union),2011,396,241,1
Russia (Soviet Union),2012,525,223,1
Russia (Soviet Union),2013,365,179,1
Russia (Soviet Union),2014,176,76,1
Russia (Soviet Union),2015,86,31,1
Russia (Soviet Union),2016,78,29,1
Russia (Soviet Union),2017,53,28,1
Russia (Soviet Union),2018,38,21,1
Russia (Soviet Union),2019,26,12,1
Russia (Soviet Union),2020,33,18,1
Russia (Soviet Union),2021,2,2,0
Russia (Soviet Union),2022,67,32,1
Russia (Soviet Union),2023,204,87,1
Russia (Soviet Union),2024,7819,730,1
Rwanda,1989,0,0,0
Rwanda,1990,2647,37,1
Rwanda,1991,1102,38,1
Rwanda,1992,647,32,1
Rwanda,1993,977,42,1
Rwanda,1994,772463,2119,1
Rwanda,1995,4232,17,1
Rwanda,1996,876,41,1
Rwanda,1997,7201,131,1
Rwanda,1998,1774,67,1
Rwanda,1999,29,1,1
Rwanda,2000,0,0,0
Rwanda,2001,2044,22,1
Rwanda,2002,0,0,0
Rwanda,2003,0,0,0
Rwanda,2004,16,1,0
Rwanda,2005,0,0,0
Rwanda,2006,0,0,0
Rwanda,2007,0,0,0
Rwanda,2008,0,0,0
Rwanda,2009,2,1,0
Rwanda,2010,0,0,0
Rwanda,2011,0,1,0
Rwanda,2012,13,4,0
Rwanda,2013,4,3,0
Rwanda,2014,0,0,0
Rwanda,2015,0,0,0
Rwanda,2016,27,26,1
Rwanda,2017,10,9,0
Rwanda,2018,18,4,0
Rwanda,2019,19,1,0
Rwanda,2020,0,0,0
Rwanda,2021,7,2,0
Rwanda,2022,8,3,0
Rwanda,2023,0,0,0
Rwanda,2024,1,2,0
Saudi Arabia,1989,0,0,0
Saudi Arabia,1990,0,0,0
Saudi Arabia,1991,91,4,1
Saudi Arabia,1992,0,0,0
Saudi Arabia,1993,0,0,0
Saudi Arabia,1994,0,0,0
Saudi Arabia,1995,0,0,0
Saudi Arabia,1996,0,0,0
Saudi Arabia,1997,0,0,0
Saudi Arabia,1998,0,0,0
Saudi Arabia,1999,0,0,0
Saudi Arabia,2000,0,0,0
Saudi Arabia,2001,0,0,0
Saudi Arabia,2002,0,0,0
Saudi Arabia,2003,26,2,1
Saudi Arabia,2004,91,41,1
Saudi Arabia,2005,31,17,1
Saudi Arabia,2006,11,3,0
Saudi Arabia,2007,2,2,0
Saudi Arabia,2008,0,0,0
Saudi Arabia,2009,0,0,0
Saudi Arabia,2010,0,0,0
Saudi Arabia,2011,0,0,0
Saudi Arabia,2012,0,0,0
Saudi Arabia,2013,0,0,0
Saudi Arabia,2014,0,0,0
Saudi Arabia,2015,113,40,1
Saudi Arabia,2016,125,33,1
Saudi Arabia,2017,45,7,1
Saudi Arabia,2018,11,8,0
Saudi Arabia,2019,6,7,0
Saudi Arabia,2020,0,1,0
Saudi Arabia,2021,6,3,0
Saudi Arabia,2022,0,0,0
Saudi Arabia,2023,9,3,0
Saudi Arabia,2024,0,0,0
Senegal,1989,121,11,1
Senegal,1990,84,14,1
Senegal,1991,16,7,0
Senegal,1992,135,16,1
Senegal,1993,285,30,1
Senegal,1994,0,0,0
Senegal,1995,329,39,1
Senegal,1996,5,2,0
Senegal,1997,366,32,1
Senegal,1998,343,31,1
Senegal,1999,31,9,1
Senegal,2000,56,23,1
Senegal,2001,47,12,1
Senegal,2002,45,15,1
Senegal,2003,39,5,1
Senegal,2004,3,1,0
Senegal,2005,46,2,1
Senegal,2006,126,4,1
Senegal,2007,0,0,0
Senegal,2008,11,3,0
Senegal,2009,19,11,0
Senegal,2010,19,9,0
Senegal,2011,37,14,1
Senegal,2012,23,10,0
Senegal,2013,8,4,0
Senegal,2014,0,0,0
Senegal,2015,0,0,0
Senegal,2016,0,0,0
Senegal,2017,0,0,0
Senegal,2018,1,1,0
Senegal,2019,0,0,0
Senegal,2020,0,1,0
Senegal,2021,0,2,0
Senegal,2022,0,0,0
Senegal,2023,0,0,0
Senegal,2024,0,0,0
Serbia (Yugoslavia),1989,0,0,0
Serbia (Yugoslavia),1990,0,0,0
Serbia (Yugoslavia),1991,3295,250,1
Serbia (Yugoslavia),1992,1868,387,1
Serbia (Yugoslavia),1993,0,0,0
Serbia (Yugoslavia),1994,0,0,0
Serbia (Yugoslavia),1995,0,2,0
Serbia (Yugoslavia),1996,2,3,0
Serbia (Yugoslavia),1997,9,5,0
Serbia (Yugoslavia),1998,1446,221,1
Serbia (Yugoslavia),1999,2153,335,1
Serbia (Yugoslavia),2000,0,0,0
Serbia (Yugoslavia),2001,0,1,0
Serbia (Yugoslavia),2002,0,0,0
Serbia (Yugoslavia),2003,0,0,0
Serbia (Yugoslavia),2004,0,0,0
Serbia (Yugoslavia),2005,0,0,0
Serbia (Yugoslavia),2006,0,0,0
Serbia (Yugoslavia),2007,0,0,0
Serbia (Yugoslavia),2008,0,0,0
Serbia (Yugoslavia),2009,0,0,0
Serbia (Yugoslavia),2010,0,0,0
Serbia (Yugoslavia),2011,0,0,0
Serbia (Yugoslavia),2012,0,0,0
Serbia (Yugoslavia),2013,0,0,0
Serbia (Yugoslavia),2014,0,0,0
Serbia (Yugoslavia),2015,0,0,0
Serbia (Yugoslavia),2016,0,0,0
Serbia (Yugoslavia),2017,0,0,0
Serbia (Yugoslavia),2018,0,0,0
Serbia (Yugoslavia),2019,0,0,0
Serbia (Yugoslavia),2020,0,0,0
Serbia (Yugoslavia),2021,0,0,0
Serbia (Yugoslavia),2022,0,0,0
Serbia (Yugoslavia),2023,0,0,0
Serbia (Yugoslavia),2024,0,0,0
Sierra Leone,1989,0,0,0
Sierra Leone,1990,0,0,0
Sierra Leone,1991,1225,128,1
Sierra Leone,1992,531,64,1
Sierra Leone,1993,642,68,1
Sierra Leone,1994,2097,164,1
Sierra Leone,1995,3194,197,1
Sierra Leone,1996,943,100,1
Sierra Leone,1997,1233,137,1
Sierra Leone,1998,5155,360,1
Sierra Leone,1999,4493,199,1
Sierra Leone,2000,856,59,1
Sierra Leone,2001,73,19,1
Sierra Leone,2002,1,1,0
Sierra Leone,2003,0,0,0
Sierra Leone,2004,0,0,0
Sierra Leone,2005,0,0,0
Sierra Leone,2006,0,0,0
Sierra Leone,2007,0,0,0
Sierra Leone,2008,0,0,0
Sierra Leone,2009,0,0,0
Sierra Leone,2010,0,0,0
Sierra Leone,2011,0,0,0
Sierra Leone,2012,0,0,0
Sierra Leone,2013,0,0,0
Sierra Leone,2014,0,0,0
Sierra Leone,2015,0,0,0
Sierra Leone,2016,0,0,0
Sierra Leone,2017,0,0,0
Sierra Leone,2018,0,0,0
Sierra Leone,2019,0,0,0
Sierra Leone,2020,0,0,0
Sierra Leone,2021,1,1,0
Sierra Leone,2022,0,0,0
Sierra Leone,2023,0,0,0
Sierra Leone,2024,0,0,0
Solomon Islands,1989,0,0,0
Solomon Islands,1990,0,0,0
Solomon Islands,1991,0,0,0
Solomon Islands,1992,2,1,0
Solomon Islands,1993,0,0,0
Solomon Islands,1994,0,0,0
Solomon Islands,1995,0,0,0
Solomon Islands,1996,0,0,0
Solomon Islands,1997,0,0,0
Solomon Islands,1998,0,0,0
Solomon Islands,1999,0,0,0
Solomon Islands,2000,0,0,0
Solomon Islands,2001,0,0,0
Solomon Islands,2002,0,0,0
Solomon Islands,2003,0,0,0
Solomon Islands,2004,0,0,0
Solomon Islands,2005,0,0,0
Solomon Islands,2006,0,0,0
Solomon Islands,2007,0,0,0
Solomon Islands,2008,0,0,0
Solomon Islands,2009,0,0,0
Solomon Islands,2010,0,0,0
Solomon Islands,2011,0,0,0
Solomon Islands,2012,0,0,0
Solomon Islands,2013,0,0,0
Solomon Islands,2014,0,0,0
Solomon Islands,2015,0,0,0
Solomon Islands,2016,0,0,0
Solomon Islands,2017,0,0,0
Solomon Islands,2018,0,0,0
Solomon Islands,2019,0,0,0
Solomon Islands,2020,0,0,0
Solomon Islands,2021,0,0,0
Solomon Islands,2022,0,0,0
Solomon Islands,2023,0,0,0
Solomon Islands,2024,0,0,0
Somalia,1989,1061,33,1
Somalia,1990,2700,52,1
Somalia,1991,8455,20,1
Somalia,1992,4729,18,1
Somalia,1993,483,20,1
Somalia,1994,626,37,1
Somalia,1995,444,69,1
Somalia,1996,949,92,1
Somalia,1997,277,27,1
Somalia,1998,330,18,1
Somalia,1999,542,42,1
Somalia,2000,185,27,1
Somalia,2001,483,31,1
Somalia,2002,638,61,1
Somalia,2003,405,49,1
Somalia,2004,670,52,1
Somalia,2005,340,26,1
Somalia,2006,1204,79,1
Somalia,2007,1620,294,1
Somalia,2008,1751,288,1
Somalia,2009,2204,255,1
Somalia,2010,2722,313,1
Somalia,2011,2118,271,1
Somalia,2012,2989,446,1
Somalia,2013,1045,383,1
Somalia,2014,1247,406,1
Somalia,2015,1254,319,1
Somalia,2016,2073,377,1
Somalia,2017,2071,285,1
Somalia,2018,2507,509,1
Somalia,2019,2219,426,1
Somalia,2020,2120,394,1
Somalia,2021,2269,390,1
Somalia,2022,3115,338,1
Somalia,2023,4216,247,1
Somalia,2024,2514,174,1
South Africa,1989,645,279,1
South Africa,1990,1459,562,1
South Africa,1991,737,448,1
South Africa,1992,761,574,1
South Africa,1993,895,576,1
South Africa,1994,532,263,1
South Africa,1995,143,39,1
South Africa,1996,156,37,1
South Africa,1997,30,20,1
South Africa,1998,44,23,1
South Africa,1999,19,11,0
South Africa,2000,0,1,0
South Africa,2001,0,0,0
South Africa,2002,2,3,0
South Africa,2003,0,0,0
South Africa,2004,0,4,0
South Africa,2005,0,0,0
South Africa,2006,0,0,0
South Africa,2007,0,0,0
South Africa,2008,0,0,0
South Africa,2009,0,0,0
South Africa,2010,1,1,0
South Africa,2011,0,0,0
South Africa,2012,0,0,0
South Africa,2013,0,0,0
South Africa,2014,0,0,0
South Africa,2015,0,1,0
South Africa,2016,3,3,0
South Africa,2017,0,0,0
South Africa,2018,12,3,0
South Africa,2019,8,6,0
South Africa,2020,29,18,1
South Africa,2021,123,12,1
South Africa,2022,4,4,0
South Africa,2023,5,5,0
South Africa,2024,2,2,0
South Sudan,1989,0,0,0
South Sudan,1990,0,0,0
South Sudan,1991,0,0,0
South Sudan,1992,0,0,0
South Sudan,1993,0,0,0
South Sudan,1994,0,0,0
South Sudan,1995,0,0,0
South Sudan,1996,0,0,0
South Sudan,1997,0,0,0
South Sudan,1998,0,0,0
South Sudan,1999,0,0,0
South Sudan,2000,0,0,0
South Sudan,2001,0,0,0
South Sudan,2002,0,0,0
South Sudan,2003,0,0,0
South Sudan,2004,0,0,0
South Sudan,2005,0,0,0
South Sudan,2006,0,0,0
South Sudan,2007,0,0,0
South Sudan,2008,0,0,0
South Sudan,2009,0,0,0
South Sudan,2010,0,0,0
South Sudan,2011,1194,31,1
South Sudan,2012,864,59,1
South Sudan,2013,1827,99,1
South Sudan,2014,2491,125,1
South Sudan,2015,1137,99,1
South Sudan,2016,1303,69,1
South Sudan,2017,1271,116,1
South Sudan,2018,1229,157,1
South Sudan,2019,642,68,1
South Sudan,2020,748,63,1
South Sudan,2021,891,55,1
South Sudan,2022,728,35,1
South Sudan,2023,224,10,1
South Sudan,2024,697,15,1
Spain,1989,17,12,0
Spain,1990,19,10,0
Spain,1991,45,23,1
Spain,1992,23,15,0
Spain,1993,12,6,0
Spain,1994,11,9,0
Spain,1995,13,10,0
Spain,1996,4,4,0
Spain,1997,12,11,0
Spain,1998,7,6,0
Spain,1999,0,0,0
Spain,2000,20,15,0
Spain,2001,13,12,0
Spain,2002,5,4,0
Spain,2003,3,2,0
Spain,2004,191,1,1
Spain,2005,0,0,0
Spain,2006,0,0,0
Spain,2007,0,0,0
Spain,2008,2,2,0
Spain,2009,3,2,0
Spain,2010,0,0,0
Spain,2011,0,0,0
Spain,2012,0,0,0
Spain,2013,0,0,0
Spain,2014,0,0,0
Spain,2015,0,0,0
Spain,2016,0,0,0
Spain,2017,16,3,0
Spain,2018,0,0,0
Spain,2019,0,0,0
Spain,2020,0,0,0
Spain,2021,0,0,0
Spain,2022,0,0,0
Spain,2023,2,1,0
Spain,2024,0,0,0
Sri Lanka,1989,1288,192,1
Sri Lanka,1990,4840,244,1
Sri Lanka,1991,6646,316,1
Sri Lanka,1992,4444,180,1
Sri Lanka,1993,2084,111,1
Sri Lanka,1994,712,80,1
Sri Lanka,1995,4971,252,1
Sri Lanka,1996,4097,120,1
Sri Lanka,1997,2902,135,1
Sri Lanka,1998,3830,179,1
Sri Lanka,1999,1948,184,1
Sri Lanka,2000,2569,177,1
Sri Lanka,2001,1162,136,1
Sri Lanka,2002,17,5,0
Sri Lanka,2003,33,23,1
Sri Lanka,2004,84,36,1
Sri Lanka,2005,130,83,1
Sri Lanka,2006,2173,229,1
Sri Lanka,2007,2564,488,1
Sri Lanka,2008,8453,1016,1
Sri Lanka,2009,10418,387,1
Sri Lanka,2010,0,0,0
Sri Lanka,2011,2,2,0
Sri Lanka,2012,0,0,0
Sri Lanka,2013,5,1,0
Sri Lanka,2014,0,0,0
Sri Lanka,2015,0,0,0
Sri Lanka,2016,0,0,0
Sri Lanka,2017,1,1,0
Sri Lanka,2018,0,0,0
Sri Lanka,2019,255,4,1
Sri Lanka,2020,0,0,0
Sri Lanka,2021,0,0,0
Sri Lanka,2022,0,0,0
Sri Lanka,2023,0,0,0
Sri Lanka,2024,0,0,0
Sudan,1989,7533,33,1
Sudan,1990,5335,63,1
Sudan,1991,4566,30,1
Sudan,1992,4314,57,1
Sudan,1993,6042,78,1
Sudan,1994,977,19,1
Sudan,1995,1494,43,1
Sudan,1996,2735,54,1
Sudan,1997,4872,90,1
Sudan,1998,5958,126,1
Sudan,1999,2067,64,1
Sudan,2000,3537,71,1
Sudan,2001,3719,74,1
Sudan,2002,3207,54,1
Sudan,2003,5010,103,1
Sudan,2004,9712,224,1
Sudan,2005,1505,87,1
Sudan,2006,2187,109,1
Sudan,2007,1180,71,1
Sudan,2008,1241,98,1
Sudan,2009,2689,125,1
Sudan,2010,1790,94,1
Sudan,2011,2567,165,1
Sudan,2012,1525,115,1
Sudan,2013,1959,141,1
Sudan,2014,1912,160,1
Sudan,2015,2558,365,1
Sudan,2016,1997,250,1
Sudan,2017,548,63,1
Sudan,2018,432,101,1
Sudan,2019,435,92,1
Sudan,2020,627,70,1
Sudan,2021,862,77,1
Sudan,2022,1407,110,1
Sudan,2023,7837,375,1
Sudan,2024,7103,705,1
Sweden,1989,0,0,0
Sweden,1990,0,0,0
Sweden,1991,0,0,0
Sweden,1992,0,0,0
Sweden,1993,0,0,0
Sweden,1994,0,0,0
Sweden,1995,0,0,0
Sweden,1996,0,0,0
Sweden,1997,0,0,0
Sweden,1998,0,0,0
Sweden,1999,0,0,0
Sweden,2000,0,0,0
Sweden,2001,0,0,0
Sweden,2002,0,0,0
Sweden,2003,0,0,0
Sweden,2004,0,0,0
Sweden,2005,0,0,0
Sweden,2006,0,0,0
Sweden,2007,0,0,0
Sweden,2008,0,0,0
Sweden,2009,0,0,0
Sweden,2010,0,0,0
Sweden,2011,0,0,0
Sweden,2012,0,0,0
Sweden,2013,0,0,0
Sweden,2014,0,0,0
Sweden,2015,0,0,0
Sweden,2016,0,0,0
Sweden,2017,5,1,0
Sweden,2018,0,0,0
Sweden,2019,0,0,0
Sweden,2020,0,0,0
Sweden,2021,0,0,0
Sweden,2022,0,0,0
Sweden,2023,0,0,0
Sweden,2024,0,0,0
Syria,1989,0,0,0
Syria,1990,0,0,0
Syria,1991,0,0,0
Syria,1992,0,0,0
Syria,1993,0,0,0
Syria,1994,0,0,0
Syria,1995,0,0,0
Syria,1996,0,0,0
Syria,1997,0,0,0
Syria,1998,0,0,0
Syria,1999,0,0,0
Syria,2000,0,0,0
Syria,2001,0,0,0
Syria,2002,0,0,0
Syria,2003,0,0,0
Syria,2004,8,3,0
Syria,2005,0,0,0
Syria,2006,0,0,0
Syria,2007,0,0,0
Syria,2008,1,1,0
Syria,2009,0,0,0
Syria,2010,0,0,0
Syria,2011,4347,954,1
Syria,2012,53699,11825,1
Syria,2013,76500,18649,1
Syria,2014,78689,16696,1
Syria,2015,59609,11382,1
Syria,2016,53891,9472,1
Syria,2017,38517,8071,1
Syria,2018,21730,3557,1
Syria,2019,11208,2382,1
Syria,2020,5690,1140,1
Syria,2021,1948,823,1
Syria,2022,1671,793,1
Syria,2023,2187,1006,1
Syria,2024,3616,1107,1
Tajikistan,1989,0,0,0
Tajikistan,1990,0,0,0
Tajikistan,1991,0,0,0
Tajikistan,1992,3859,38,1
Tajikistan,1993,1045,34,1
Tajikistan,1994,366,31,1
Tajikistan,1995,368,46,1
Tajikistan,1996,2797,66,1
Tajikistan,1997,97,10,1
Tajikistan,1998,600,19,1
Tajikistan,1999,4,3,0
Tajikistan,2000,46,2,1
Tajikistan,2001,0,0,0
Tajikistan,2002,0,0,0
Tajikistan,2003,0,0,0
Tajikistan,2004,0,0,0
Tajikistan,2005,1,1,0
Tajikistan,2006,8,4,0
Tajikistan,2007,0,0,0
Tajikistan,2008,0,0,0
Tajikistan,2009,17,7,0
Tajikistan,2010,98,21,1
Tajikistan,2011,28,5,1
Tajikistan,2012,0,0,0
Tajikistan,2013,3,2,0
Tajikistan,2014,3,2,0
Tajikistan,2015,0,0,0
Tajikistan,2016,0,0,0
Tajikistan,2017,0,0,0
Tajikistan,2018,56,3,1
Tajikistan,2019,53,3,1
Tajikistan,2020,0,0,0
Tajikistan,2021,16,5,0
Tajikistan,2022,87,26,1
Tajikistan,2023,0,0,0
Tajikistan,2024,0,0,0
Tanzania,1989,0,0,0
Tanzania,1990,0,0,0
Tanzania,1991,0,0,0
Tanzania,1992,1,1,0
Tanzania,1993,0,0,0
Tanzania,1994,0,0,0
Tanzania,1995,0,0,0
Tanzania,1996,10,1,0
Tanzania,1997,3,1,0
Tanzania,1998,0,0,0
Tanzania,1999,0,1,0
Tanzania,2000,0,0,0
Tanzania,2001,37,7,1
Tanzania,2002,0,0,0
Tanzania,2003,0,0,0
Tanzania,2004,0,0,0
Tanzania,2005,0,0,0
Tanzania,2006,0,0,0
Tanzania,2007,3,1,0
Tanzania,2008,0,0,0
Tanzania,2009,0,0,0
Tanzania,2010,0,0,0
Tanzania,2011,0,0,0
Tanzania,2012,1,1,0
Tanzania,2013,0,0,0
Tanzania,2014,10,1,0
Tanzania,2015,0,0,0
Tanzania,2016,0,0,0
Tanzania,2017,1,1,0
Tanzania,2018,1,1,0
Tanzania,2019,8,3,0
Tanzania,2020,44,17,1
Tanzania,2021,26,8,1
Tanzania,2022,4,3,0
Tanzania,2023,0,0,0
Tanzania,2024,6,5,0
Thailand,1989,6,3,0
Thailand,1990,20,4,0
Thailand,1991,2,1,0
Thailand,1992,0,1,0
Thailand,1993,1,2,0
Thailand,1994,1,1,0
Thailand,1995,12,7,0
Thailand,1996,1,1,0
Thailand,1997,7,3,0
Thailand,1998,12,4,0
Thailand,1999,1,1,0
Thailand,2000,8,1,0
Thailand,2001,25,3,1
Thailand,2002,23,1,0
Thailand,2003,26,16,1
Thailand,2004,310,126,1
Thailand,2005,494,434,1
Thailand,2006,541,445,1
Thailand,2007,518,367,1
Thailand,2008,328,224,1
Thailand,2009,258,169,1
Thailand,2010,221,157,1
Thailand,2011,277,177,1
Thailand,2012,244,141,1
Thailand,2013,249,136,1
Thailand,2014,100,71,1
Thailand,2015,84,55,1
Thailand,2016,69,49,1
Thailand,2017,50,27,1
Thailand,2018,61,40,1
Thailand,2019,60,27,1
Thailand,2020,47,33,1
Thailand,2021,41,28,1
Thailand,2022,36,26,1
Thailand,2023,31,25,1
Thailand,2024,40,32,1
Togo,1989,0,0,0
Togo,1990,0,0,0
Togo,1991,63,4,1
Togo,1992,5,2,0
Togo,1993,48,3,1
Togo,1994,0,0,0
Togo,1995,0,0,0
Togo,1996,0,0,0
Togo,1997,0,0,0
Togo,1998,9,4,0
Togo,1999,0,0,0
Togo,2000,0,0,0
Togo,2001,0,0,0
Togo,2002,0,0,0
Togo,2003,0,0,0
Togo,2004,0,0,0
Togo,2005,436,93,1
Togo,2006,0,0,0
Togo,2007,0,0,0
Togo,2008,0,0,0
Togo,2009,0,0,0
Togo,2010,0,0,0
Togo,2011,0,0,0
Togo,2012,0,0,0
Togo,2013,0,0,0
Togo,2014,0,0,0
Togo,2015,0,0,0
Togo,2016,0,0,0
Togo,2017,0,0,0
Togo,2018,0,0,0
Togo,2019,1,1,0
Togo,2020,0,0,0
Togo,2021,0,0,0
Togo,2022,62,8,1
Togo,2023,76,20,1
Togo,2024,68,15,1
Trinidad and Tobago,1989,0,0,0
Trinidad and Tobago,1990,39,3,1
Trinidad and Tobago,1991,0,0,0
Trinidad and Tobago,1992,0,0,0
Trinidad and Tobago,1993,0,0,0
Trinidad and Tobago,1994,0,0,0
Trinidad and Tobago,1995,0,0,0
Trinidad and Tobago,1996,0,0,0
Trinidad and Tobago,1997,0,0,0
Trinidad and Tobago,1998,0,0,0
Trinidad and Tobago,1999,0,0,0
Trinidad and Tobago,2000,0,0,0
Trinidad and Tobago,2001,0,0,0
Trinidad and Tobago,2002,0,0,0
Trinidad and Tobago,2003,0,0,0
Trinidad and Tobago,2004,0,0,0
Trinidad and Tobago,2005,0,0,0
Trinidad and Tobago,2006,0,0,0
Trinidad and Tobago,2007,0,0,0
Trinidad and Tobago,2008,0,0,0
Trinidad and Tobago,2009,0,0,0
Trinidad and Tobago,2010,0,0,0
Trinidad and Tobago,2011,0,0,0
Trinidad and Tobago,2012,0,0,0
Trinidad and Tobago,2013,0,0,0
Trinidad and Tobago,2014,0,0,0
Trinidad and Tobago,2015,0,0,0
Trinidad and Tobago,2016,0,0,0
Trinidad and Tobago,2017,0,0,0
Trinidad and Tobago,2018,0,0,0
Trinidad and Tobago,2019,0,0,0
Trinidad and Tobago,2020,0,0,0
Trinidad and Tobago,2021,0,0,0
Trinidad and Tobago,2022,0,0,0
Trinidad and Tobago,2023,0,0,0
Trinidad and Tobago,2024,0,0,0
Tunisia,1989,0,0,0
Tunisia,1990,0,0,0
Tunisia,1991,0,0,0
Tunisia,1992,0,0,0
Tunisia,1993,0,0,0
Tunisia,1994,0,0,0
Tunisia,1995,0,0,0
Tunisia,1996,0,0,0
Tunisia,1997,0,0,0
Tunisia,1998,0,0,0
Tunisia,1999,0,0,0
Tunisia,2000,0,0,0
Tunisia,2001,0,0,0
Tunisia,2002,21,1,0
Tunisia,2003,0,0,0
Tunisia,2004,0,0,0
Tunisia,2005,0,0,0
Tunisia,2006,0,0,0
Tunisia,2007,0,0,0
Tunisia,2008,0,0,0
Tunisia,2009,0,0,0
Tunisia,2010,0,0,0
Tunisia,2011,8,2,0
Tunisia,2012,3,2,0
Tunisia,2013,29,8,1
Tunisia,2014,51,22,1
Tunisia,2015,137,26,1
Tunisia,2016,88,15,1
Tunisia,2017,15,10,0
Tunisia,2018,25,13,1
Tunisia,2019,20,9,0
Tunisia,2020,12,5,0
Tunisia,2021,18,9,0
Tunisia,2022,3,1,0
Tunisia,2023,3,1,0
Tunisia,2024,0,0,0
Turkey,1989,538,201,1
Turkey,1990,630,223,1
Turkey,1991,448,158,1
Turkey,1992,1926,341,1
Turkey,1993,2765,500,1
Turkey,1994,4182,638,1
Turkey,1995,3650,816,1
Turkey,1996,3811,647,1
Turkey,1997,2600,498,1
Turkey,1998,2058,328,1
Turkey,1999,1155,267,1
Turkey,2000,153,33,1
Turkey,2001,120,33,1
Turkey,2002,34,21,1
Turkey,2003,150,43,1
Turkey,2004,221,124,1
Turkey,2005,295,114,1
Turkey,2006,226,92,1
Turkey,2007,502,137,1
Turkey,2008,491,129,1
Turkey,2009,138,47,1
Turkey,2010,234,78,1
Turkey,2011,410,114,1
Turkey,2012,789,141,1
Turkey,2013,75,9,1
Turkey,2014,11,8,0
Turkey,2015,1061,232,1
Turkey,2016,1561,234,1
Turkey,2017,462,65,1
Turkey,2018,461,181,1
Turkey,2019,311,144,1
Turkey,2020,226,116,1
Turkey,2021,132,82,1
Turkey,2022,107,65,1
Turkey,2023,108,58,1
Turkey,2024,43,28,1
Uganda,1989,1057,24,1
Uganda,1990,809,34,1
Uganda,1991,1018,21,1
Uganda,1992,76,4,1
Uganda,1993,0,0,0
Uganda,1994,160,18,1
Uganda,1995,537,20,1
Uganda,1996,1798,120,1
Uganda,1997,1354,77,1
Uganda,1998,1214,121,1
Uganda,1999,1024,89,1
Uganda,2000,1238,116,1
Uganda,2001,212,55,1
Uganda,2002,1316,164,1
Uganda,2003,1628,194,1
Uganda,2004,2004,251,1
Uganda,2005,922,221,1
Uganda,2006,334,98,1
Uganda,2007,156,21,1
Uganda,2008,32,8,1
Uganda,2009,59,6,1
Uganda,2010,74,1,1
Uganda,2011,0,0,0
Uganda,2012,0,0,0
Uganda,2013,0,0,0
Uganda,2014,7,1,0
Uganda,2015,0,0,0
Uganda,2016,30,2,1
Uganda,2017,0,1,0
Uganda,2018,2,2,0
Uganda,2019,2,2,0
Uganda,2020,0,0,0
Uganda,2021,23,12,0
Uganda,2022,25,6,1
Uganda,2023,79,12,1
Uganda,2024,1,1,0
Ukraine,1989,0,0,0
Ukraine,1990,0,0,0
Ukraine,1991,0,0,0
Ukraine,1992,0,0,0
Ukraine,1993,0,0,0
Ukraine,1994,0,0,0
Ukraine,1995,0,0,0
Ukraine,1996,0,0,0
Ukraine,1997,0,0,0
Ukraine,1998,0,0,0
Ukraine,1999,0,0,0
Ukraine,2000,0,0,0
Ukraine,2001,0,0,0
Ukraine,2002,0,0,0
Ukraine,2003,0,0,0
Ukraine,2004,0,0,0
Ukraine,2005,0,0,0
Ukraine,2006,0,0,0
Ukraine,2007,0,0,0
Ukraine,2008,0,0,0
Ukraine,2009,0,0,0
Ukraine,2010,0,0,0
Ukraine,2011,0,0,0
Ukraine,2012,0,0,0
Ukraine,2013,0,0,0
Ukraine,2014,4946,1303,1
Ukraine,2015,1894,871,1
Ukraine,2016,699,514,1
Ukraine,2017,447,216,1
Ukraine,2018,243,153,1
Ukraine,2019,311,199,1
Ukraine,2020,196,145,1
Ukraine,2021,208,167,1
Ukraine,2022,92615,7429,1
Ukraine,2023,75393,10181,1
Ukraine,2024,68116,10369,1
United Arab Emirates,1989,0,0,0
United Arab Emirates,1990,0,0,0
United Arab Emirates,1991,0,0,0
United Arab Emirates,1992,0,0,0
United Arab Emirates,1993,0,0,0
United Arab Emirates,1994,0,0,0
United Arab Emirates,1995,0,0,0
United Arab Emirates,1996,0,0,0
United Arab Emirates,1997,0,0,0
United Arab Emirates,1998,0,0,0
United Arab Emirates,1999,0,0,0
United Arab Emirates,2000,0,0,0
United Arab Emirates,2001,0,0,0
United Arab Emirates,2002,0,0,0
United Arab Emirates,2003,0,0,0
United Arab Emirates,2004,0,0,0
United Arab Emirates,2005,0,0,0
United Arab Emirates,2006,0,0,0
United Arab Emirates,2007,0,0,0
United Arab Emirates,2008,0,0,0
United Arab Emirates,2009,0,0,0
United Arab Emirates,2010,1,1,0
United Arab Emirates,2011,0,0,0
United Arab Emirates,2012,0,0,0
United Arab Emirates,2013,0,0,0
United Arab Emirates,2014,0,0,0
United Arab Emirates,2015,0,0,0
United Arab Emirates,2016,0,0,0
United Arab Emirates,2017,0,0,0
United Arab Emirates,2018,0,0,0
United Arab Emirates,2019,0,0,0
United Arab Emirates,2020,0,0,0
United Arab Emirates,2021,0,0,0
United Arab Emirates,2022,3,1,0
United Arab Emirates,2023,0,0,0
United Arab Emirates,2024,0,0,0
United Kingdom,1989,41,27,1
United Kingdom,1990,47,32,1
United Kingdom,1991,38,32,1
United Kingdom,1992,39,30,1
United Kingdom,1993,47,34,1
United Kingdom,1994,16,16,0
United Kingdom,1995,0,0,0
United Kingdom,1996,2,2,0
United Kingdom,1997,5,4,0
United Kingdom,1998,31,3,1
United Kingdom,1999,0,0,0
United Kingdom,2000,1,1,0
United Kingdom,2001,1,1,0
United Kingdom,2002,3,4,0
United Kingdom,2003,1,2,0
United Kingdom,2004,1,1,0
United Kingdom,2005,53,2,1
United Kingdom,2006,0,1,0
United Kingdom,2007,0,0,0
United Kingdom,2008,0,0,0
United Kingdom,2009,2,2,0
United Kingdom,2010,0,0,0
United Kingdom,2011,1,1,0
United Kingdom,2012,0,0,0
United Kingdom,2013,0,0,0
United Kingdom,2014,0,0,0
United Kingdom,2015,0,0,0
United Kingdom,2016,0,0,0
United Kingdom,2017,0,0,0
United Kingdom,2018,0,0,0
United Kingdom,2019,4,3,0
United Kingdom,2020,0,0,0
United Kingdom,2021,0,0,0
United Kingdom,2022,0,0,0
United Kingdom,2023,0,0,0
United Kingdom,2024,0,0,0
United States of America,1989,0,0,0
United States of America,1990,0,0,0
United States of America,1991,0,0,0
United States of America,1992,0,0,0
United States of America,1993,0,0,0
United States of America,1994,0,0,0
United States of America,1995,0,0,0
United States of America,1996,0,0,0
United States of America,1997,0,0,0
United States of America,1998,0,0,0
United States of America,1999,0,0,0
United States of America,2000,0,0,0
United States of America,2001,2986,3,1
United States of America,2002,0,0,0
United States of America,2003,0,0,0
United States of America,2004,0,0,0
United States of America,2005,0,0,0
United States of America,2006,0,0,0
United States of America,2007,0,0,0
United States of America,2008,0,0,0
United States of America,2009,0,0,0
United States of America,2010,2,1,0
United States of America,2011,0,0,0
United States of America,2012,0,0,0
United States of America,2013,0,0,0
United States of America,2014,0,0,0
United States of America,2015,14,1,0
United States of America,2016,0,0,0
United States of America,2017,8,1,0
United States of America,2018,1,1,0
United States of America,2019,4,1,0
United States of America,2020,0,0,0
United States of America,2021,0,0,0
United States of America,2022,1,1,0
United States of America,2023,0,0,0
United States of America,2024,0,0,0
Uzbekistan,1989,0,0,0
Uzbekistan,1990,0,0,0
Uzbekistan,1991,0,0,0
Uzbekistan,1992,0,0,0
Uzbekistan,1993,0,0,0
Uzbekistan,1994,0,0,0
Uzbekistan,1995,0,0,0
Uzbekistan,1996,0,0,0
Uzbekistan,1997,0,0,0
Uzbekistan,1998,0,0,0
Uzbekistan,1999,50,6,1
Uzbekistan,2000,297,16,1
Uzbekistan,2001,0,0,0
Uzbekistan,2002,0,0,0
Uzbekistan,2003,0,0,0
Uzbekistan,2004,37,8,1
Uzbekistan,2005,0,0,0
Uzbekistan,2006,0,0,0
Uzbekistan,2007,0,0,0
Uzbekistan,2008,0,0,0
Uzbekistan,2009,16,2,0
Uzbekistan,2010,0,0,0
Uzbekistan,2011,0,0,0
Uzbekistan,2012,0,0,0
Uzbekistan,2013,0,0,0
Uzbekistan,2014,0,0,0
Uzbekistan,2015,0,0,0
Uzbekistan,2016,0,0,0
Uzbekistan,2017,0,0,0
Uzbekistan,2018,0,0,0
Uzbekistan,2019,0,0,0
Uzbekistan,2020,0,0,0
Uzbekistan,2021,0,0,0
Uzbekistan,2022,0,0,0
Uzbekistan,2023,0,0,0
Uzbekistan,2024,0,0,0
Venezuela,1989,58,54,1
Venezuela,1990,64,66,1
Venezuela,1991,30,38,1
Venezuela,1992,223,75,1
Venezuela,1993,63,75,1
Venezuela,1994,164,47,1
Venezuela,1995,28,45,1
Venezuela,1996,33,53,1
Venezuela,1997,33,5,1
Venezuela,1998,10,14,0
Venezuela,1999,26,41,1
Venezuela,2000,27,40,1
Venezuela,2001,27,50,1
Venezuela,2002,27,30,1
Venezuela,2003,25,40,1
Venezuela,2004,31,50,1
Venezuela,2005,30,32,1
Venezuela,2006,22,21,0
Venezuela,2007,17,25,0
Venezuela,2008,27,44,1
Venezuela,2009,27,49,1
Venezuela,2010,23,44,0
Venezuela,2011,11,22,0
Venezuela,2012,33,29,1
Venezuela,2013,9,41,0
Venezuela,2014,49,42,1
Venezuela,2015,32,30,1
Venezuela,2016,60,60,1
Venezuela,2017,76,94,1
Venezuela,2018,94,91,1
Venezuela,2019,83,76,1
Venezuela,2020,5,4,0
Venezuela,2021,20,10,0
Venezuela,2022,39,23,1
Venezuela,2023,16,15,0
Venezuela,2024,12,10,0
Yemen (North Yemen),1989,0,0,0
Yemen (North Yemen),1990,0,0,0
Yemen (North Yemen),1991,0,0,0
Yemen (North Yemen),1992,0,0,0
Yemen (North Yemen),1993,0,0,0
Yemen (North Yemen),1994,1489,72,1
Yemen (North Yemen),1995,0,0,0
Yemen (North Yemen),1996,0,0,0
Yemen (North Yemen),1997,0,0,0
Yemen (North Yemen),1998,0,0,0
Yemen (North Yemen),1999,0,0,0
Yemen (North Yemen),2000,19,1,0
Yemen (North Yemen),2001,0,0,0
Yemen (North Yemen),2002,2,1,0
Yemen (North Yemen),2003,6,1,0
Yemen (North Yemen),2004,29,2,1
Yemen (North Yemen),2005,0,0,0
Yemen (North Yemen),2006,0,0,0
Yemen (North Yemen),2007,0,0,0
Yemen (North Yemen),2008,21,2,0
Yemen (North Yemen),2009,94,5,1
Yemen (North Yemen),2010,201,63,1
Yemen (North Yemen),2011,1430,219,1
Yemen (North Yemen),2012,2461,253,1
Yemen (North Yemen),2013,578,126,1
Yemen (North Yemen),2014,2364,281,1
Yemen (North Yemen),2015,8125,605,1
Yemen (North Yemen),2016,4027,343,1
Yemen (North Yemen),2017,3620,397,1
Yemen (North Yemen),2018,4996,387,1
Yemen (North Yemen),2019,2959,304,1
Yemen (North Yemen),2020,6754,657,1
Yemen (North Yemen),2021,23463,768,1
Yemen (North Yemen),2022,3220,455,1
Yemen (North Yemen),2023,931,319,1
Yemen (North Yemen),2024,990,184,1
Zambia,1989,87,25,1
Zambia,1990,40,9,1
Zambia,1991,0,0,0
Zambia,1992,0,0,0
Zambia,1993,1,1,0
Zambia,1994,0,0,0
Zambia,1995,0,0,0
Zambia,1996,0,0,0
Zambia,1997,0,0,0
Zambia,1998,0,0,0
Zambia,1999,0,0,0
Zambia,2000,1,1,0
Zambia,2001,7,2,0
Zambia,2002,0,0,0
Zambia,2003,0,0,0
Zambia,2004,0,0,0
Zambia,2005,0,0,0
Zambia,2006,0,0,0
Zambia,2007,0,0,0
Zambia,2008,0,0,0
Zambia,2009,0,0,0
Zambia,2010,0,0,0
Zambia,2011,0,0,0
Zambia,2012,0,0,0
Zambia,2013,0,0,0
Zambia,2014,0,0,0
Zambia,2015,0,0,0
Zambia,2016,0,0,0
Zambia,2017,0,0,0
Zambia,2018,0,0,0
Zambia,2019,0,0,0
Zambia,2020,0,0,0
Zambia,2021,0,0,0
Zambia,2022,0,0,0
Zambia,2023,0,0,0
Zambia,2024,0,0,0
Zimbabwe (Rhodesia),1989,37,3,1
Zimbabwe (Rhodesia),1990,14,3,0
Zimbabwe (Rhodesia),1991,0,0,0
Zimbabwe (Rhodesia),1992,0,0,0
Zimbabwe (Rhodesia),1993,0,0,0
Zimbabwe (Rhodesia),1994,0,0,0
Zimbabwe (Rhodesia),1995,4,2,0
Zimbabwe (Rhodesia),1996,0,0,0
Zimbabwe (Rhodesia),1997,0,0,0
Zimbabwe (Rhodesia),1998,1,1,0
Zimbabwe (Rhodesia),1999,1,1,0
Zimbabwe (Rhodesia),2000,0,0,0
Zimbabwe (Rhodesia),2001,0,1,0
Zimbabwe (Rhodesia),2002,0,0,0
Zimbabwe (Rhodesia),2003,0,1,0
Zimbabwe (Rhodesia),2004,0,0,0
Zimbabwe (Rhodesia),2005,0,0,0
Zimbabwe (Rhodesia),2006,0,0,0
Zimbabwe (Rhodesia),2007,0,2,0
Zimbabwe (Rhodesia),2008,253,40,1
Zimbabwe (Rhodesia),2009,0,1,0
Zimbabwe (Rhodesia),2010,0,0,0
Zimbabwe (Rhodesia),2011,1,1,0
Zimbabwe (Rhodesia),2012,1,1,0
Zimbabwe (Rhodesia),2013,0,0,0
Zimbabwe (Rhodesia),2014,0,0,0
Zimbabwe (Rhodesia),2015,0,0,0
Zimbabwe (Rhodesia),2016,0,0,0
Zimbabwe (Rhodesia),2017,0,0,0
Zimbabwe (Rhodesia),2018,4,2,0
Zimbabwe (Rhodesia),2019,8,8,0
Zimbabwe (Rhodesia),2020,2,1,0
Zimbabwe (Rhodesia),2021,0,0,0
Zimbabwe (Rhodesia),2022,0,0,0
Zimbabwe (Rhodesia),2023,0,0,0
Zimbabwe (Rhodesia),2024,0,0,0
